link,title,game,anchor,hot,tags
https://www.douyu.com/1300804,云顶阴阳家王者1500分段上分教学！！！,lol云顶之弈,卷子丶,68.4万,云顶第一阴阳人 下次一定鸡
https://www.douyu.com/4666609,今天上个2000分吧,lol云顶之弈,初音未来灰飞,39.5万,峡谷云顶双王者天才少年
https://www.douyu.com/65962,熊大：下棋下棋,lol云顶之弈,熊jolababy,14.9万,云顶王者熊
https://www.douyu.com/216555,1800分王者局，冲第一！,lol云顶之弈,迅哥丶雨霖铃,31.1万,S2美测服榜首
https://www.douyu.com/1706221,纯：跟我混吧 老弟,lol云顶之弈,星野纯子,31万,人美歌甜小仙女 新春才弈show云顶女神
https://www.douyu.com/557378,上一点分吧,lol云顶之弈,琉璃在云荒ii,29.8万,云顶S2赛季国服第一
https://www.douyu.com/80756,10.4版本极地崛起,lol云顶之弈,抗寒使者,29.4万,全能套路运营教学王
https://www.douyu.com/7698218,小樱: 无限火力嗨起来,lol云顶之弈,小樱Alina,21.5万,云顶技术流美女主播
https://www.douyu.com/8172170,10.4极地崛起 新版本详解欢迎弹幕互动,lol云顶之弈,有志向的彭彭,1.9万,
https://www.douyu.com/989347,小号大师800冲1000点咯,lol云顶之弈,逝去zzz,9.1万,国服高分段全能路人王
https://www.douyu.com/7251147,Coki：千分局屠戮,lol云顶之弈,Cokiovo,20.8万,云顶之弈S1国服第一
https://www.douyu.com/296806,极地生万物，包吃分教学,lol云顶之弈,JMR金叫唤,18.9万,
https://www.douyu.com/526408,峡 谷 之 巅 新 号 day7,lol云顶之弈,良人与猫QwO,13.6万,国服高颜值全能AD
https://www.douyu.com/4420896,旭旭:国服第二法海~,lol云顶之弈,旭旭c丶,10.8万,云顶运营王
https://www.douyu.com/1010683,川妹：黑玫声优兮~,lol云顶之弈,小兮姑娘,10.8万,国服第一女大眼
https://www.douyu.com/2745090,黑玫反向上分的女孩！,lol云顶之弈,小喝宝贝,10.6万,
https://www.douyu.com/7412803,贼甜小姐姐在线送分~,lol云顶之弈,安子姐姐,10万,云顶邻家女孩
https://www.douyu.com/777777,☀小七七☀ 艾欧尼亚的萌新棋手~,lol云顶之弈,chere七七,9.6万,二次元大魔王七七酱
https://www.douyu.com/7300135,云顶速降教学,lol云顶之弈,热心市民v,9.5万,云顶歌王
https://www.douyu.com/6459834,王者冲大师 6459834,lol云顶之弈,半仙鹧鸪仔,8.1万,云顶王者最强光剑
https://www.douyu.com/7950026,谈笑风云冲个王者吧，详细讲解！,lol云顶之弈,诸葛a先生,6.6万,
https://www.douyu.com/4467914,萌新萝莉☆在线请教☆,lol云顶之弈,诺曦哒魔王ava,6.4万,
https://www.douyu.com/7274532,随机应变各种运营阵容（法海除外）,lol云顶之弈,咿嗒泣,6.2万,顶级运营师八哥
https://www.douyu.com/2881790,点名小法——有奖水友赛,lol云顶之弈,晴天QyxL,6.1万,云顶约德尔大师
https://www.douyu.com/4381647,哥哥上车吗黑色玫瑰,lol云顶之弈,好唔好丶,5.5万,
https://www.douyu.com/2175745,【午夜怡声、睡前必听】,lol云顶之弈,老兵韩风,5.4万,最专业的阵容解说
https://www.douyu.com/456500,云顶最菜主播目前大师,lol云顶之弈,施恺SK,5.3万,帝国流金牌讲师
https://www.douyu.com/234143,极雷地狱，新版本强势上分！,lol云顶之弈,梦解说丶暴走,4.9万,
https://www.douyu.com/660520,钻石大师分段上分教学，各位请进,lol云顶之弈,不太纯洁的Ccj,4.5万,云顶唱跳rap小王子
https://www.douyu.com/7832505,精通任何阵容 上分上分,lol云顶之弈,雷霆金角,4.3万,
https://www.douyu.com/8049798,上分靠运气 掉分靠实力 - 岚兮ii,lol云顶之弈,岚兮ii,3.9万,
https://www.douyu.com/4735874,努力努力再努力!,lol云顶之弈,周不理呀,3.8万,
https://www.douyu.com/7612156,失踪人口回归啦~ 爱你们哟,lol云顶之弈,清欢欢欢欢欢欢欢欢吖,3.6万,顶级萌妞羁绊讲解师
https://www.douyu.com/7384213,大师600分冲钻一,lol云顶之弈,娑娜公主,3.6万,
https://www.douyu.com/7922913,游侠专场 稳定吃鸡,lol云顶之弈,九五那年,3.2万,
https://www.douyu.com/7673554,精神小伙已上线,lol云顶之弈,天意呀丶,3.1万,云顶全阵容分享师
https://www.douyu.com/8030939,新版本一区王者上分套路教学,lol云顶之弈,云顶丶鱿鱼宇,3万,
https://www.douyu.com/7808202,上分上分上分！ 7808202,lol云顶之弈,Nobbb丶,2.9万,
https://www.douyu.com/7994861,发牌员请爱爱我吧,lol云顶之弈,小鸣同学888,2.8万,
https://www.douyu.com/7602200,多多益善鸟盾剑影7602200,lol云顶之弈,AwaitMiracle,2.5万,剧毒掠食阵容套路大师
https://www.douyu.com/687391,1500分王者小号冲王,lol云顶之弈,讲故事的怪物,2.3万,
https://www.douyu.com/1284019,从不和热门阵容同流合污,lol云顶之弈,算命狼,2.3万,云顶冷门苟分教学
https://www.douyu.com/6756779,开刷，开刷！6756779,lol云顶之弈,谦大宝,2.2万,
https://www.douyu.com/7423054,终将难逃上班的命运,lol云顶之弈,嘉乐zz,2.2万,云顶影帝
https://www.douyu.com/200460,电一，无敌快乐熬夜冠军肝帝小分队,lol云顶之弈,多喝汽水呀,2万,快乐峡谷女主播
https://www.douyu.com/701766,云顶之弈上分 701766,lol云顶之弈,Tolerance棋手,2万,
https://www.douyu.com/8206575,温御新主播 有一起的么,lol云顶之弈,谁谁呀ii,1.9万,
https://www.douyu.com/7822585,新手上路！有什么烦恼可以像我倾诉,lol云顶之弈,屁屁丸的心,1.8万,
https://www.douyu.com/4529381,【璐璐】steam游戏里的酱油姐姐,lol云顶之弈,Ye璐璐Ye,1.8万,
https://www.douyu.com/7980339,云顶小仙女儿,lol云顶之弈,傲娇mmmmmmmm,1.7万,
https://www.douyu.com/6838949,佳萌萌：元气满满的一天又开始啦~,lol云顶之弈,香味er美佳,1.7万,
https://www.douyu.com/6940276,一日不登顶，一日不改名,lol云顶之弈,鲸鱼坤坤,1.7万,
https://www.douyu.com/485139,坠入我的爱河，让你走火入魔,lol云顶之弈,雷奥丶,1.6万,
https://www.douyu.com/8068493,宝庆理法师(王者局教学),lol云顶之弈,友鹏攀,1.5万,
https://www.douyu.com/6012793,侯卿：国服第一小法师，黑科技教学！,lol云顶之弈,侯卿小哥哥,1.5万,
https://www.douyu.com/7839394,声优美男办卡上车♥,lol云顶之弈,路西法LLucifer,1.3万,
https://www.douyu.com/436024,在我的光辉指引下上分吧,lol云顶之弈,猫猫吃肉,1.3万,
https://www.douyu.com/7261018,豆子：疫情期间随缘直播,lol云顶之弈,祢豆子丶丶,1.2万,
https://www.douyu.com/1116239,匆匆那年 那年匆匆,lol云顶之弈,衣刀衣刀,1.2万,云顶之奕暴力元素枪手流主播
https://www.douyu.com/5548965,游侠の忠犬,lol云顶之弈,年华bbb,1.1万,云顶游侠细节教学讲师
https://www.douyu.com/8087408,猪猪宝贝儿快来呀!,lol云顶之弈,Fu桃儿,1.1万,
https://www.douyu.com/7634734,日常娱乐 开心每一天,lol云顶之弈,随风水漫,1万,
https://www.douyu.com/7599422,云顶技术 暴毙流,lol云顶之弈,DY搜查官丶蛋哥,9037,
https://www.douyu.com/59430,D1小号大师局。冲分。,lol云顶之弈,播音戏的老徐,9020,
https://www.douyu.com/7604272,天才的最强逗逼操作，你值得拥有，电一大师,lol云顶之弈,鸡蛋番茄114,8917,
https://www.douyu.com/6016170,到家，无限火力UP,lol云顶之弈,巨兽zzp,8696,
https://www.douyu.com/7718607,疯狂二哈，在线吃狗粮,lol云顶之弈,鹏二哈,8365,
https://www.douyu.com/4066273,674冲王者！,lol云顶之弈,狮子的ak,8358,
https://www.douyu.com/7488618,炎锌：无限乱斗(办卡上车),lol云顶之弈,炎锌yanxin,8307,云顶优稚男神
https://www.douyu.com/3413444,法海你不懂爱。。。,lol云顶之弈,Go憨憨,8261,
https://www.douyu.com/755033,【二谦】从零上王者教学 755033,lol云顶之弈,二谦小药神,8000,
https://www.douyu.com/7320367,今天掉个1000云顶百科全书 有问必答,lol云顶之弈,955xxxx,7775,
https://www.douyu.com/7824183,"王者局,光与影谁主沉浮！？",lol云顶之弈,十四云顶,7569,
https://www.douyu.com/7298307,人族无敌搞起来,lol云顶之弈,可爱的松宝宝宝,7374,云顶天师法术吃鸡
https://www.douyu.com/144371,追光少女在线上分,lol云顶之弈,白雪攻主,7115,
https://www.douyu.com/7937093,白金到钻石，连赢之路开始,lol云顶之弈,肥腻的胖子,7030,
https://www.douyu.com/7565948,上分的时候又到了 7565948,lol云顶之弈,西装老炮,6707,峡谷万场卡牌
https://www.douyu.com/7100271,武汉加油 中国加油,lol云顶之弈,SX丶大胡子,6688,
https://www.douyu.com/3440662,我叫炼金之王！随机英雄水友赛报名中~,lol云顶之弈,乄一织天牛锅y,6652,
https://www.douyu.com/7760130,晋级赛小能手 日常晋级赛~,lol云顶之弈,九歌Tel,6528,
https://www.douyu.com/7886468,玩会别的哦。,lol云顶之弈,Carry梓悦,6371,
https://www.douyu.com/94008,冲第一，不到第一宰手~~,lol云顶之弈,灬张三儿,6354,
https://www.douyu.com/6941952,电一云顶拿手绝活冲鸡王者,lol云顶之弈,西凉降压站,6225,
https://www.douyu.com/6440674,各种套路呵呵,lol云顶之弈,Bro铁人,6071,
https://www.douyu.com/8111743,6召唤雷霆劫劫劫,lol云顶之弈,宝庆飞哥,5676,
https://www.douyu.com/8107317,今天公司培训，偷偷打游戏丫~嗷呜~,lol云顶之弈,女神爱萌萌,5675,
https://www.douyu.com/6424917,最强雷霆劫，新号上钻石,lol云顶之弈,华东猛张飞,5654,
https://www.douyu.com/2373035,棋王少女江流儿,lol云顶之弈,o短裙o,5558,
https://www.douyu.com/7813789,花里胡哨，全新理解！,lol云顶之弈,lostman2006,5501,
https://www.douyu.com/7718789,（美服10.4b版本）上分,lol云顶之弈,花公子向小北,5424,
https://www.douyu.com/7308801,多人模组生存,lol云顶之弈,处长赵德汉1,5246,
https://www.douyu.com/6965400,下下棋养养生,lol云顶之弈,林如风1,5054,云顶棋手
https://www.douyu.com/7882341,9.4劫新思路,lol云顶之弈,岩炎丶,5005,
https://www.douyu.com/7615593,战争学院宗师200,lol云顶之弈,阿Z11111,4923,
https://www.douyu.com/7574962,云顶极地不香吗,lol云顶之弈,DYBBH,4855,
https://www.douyu.com/5528838,被发牌员针对的主播T-T,lol云顶之弈,凡mily托尼君,4812,
https://www.douyu.com/7689779,游侠King，一起上大师,lol云顶之弈,云顶棋坛,4762,
https://www.douyu.com/7294024,非洲人的日常生活 7294024,lol云顶之弈,小香猪QuQ,4740,
https://www.douyu.com/693880,没进前三就下号,lol云顶之弈,想套猴的小阿锤,4648,
https://www.douyu.com/1329408,钻石以下 飞机=4小时,lol云顶之弈,老湿机就是稳,4596,峡谷之巅顶级皇子
https://www.douyu.com/1849998,电一大师冲王者。第四天,lol云顶之弈,ADXxxxxx灬Cc,4590,
https://www.douyu.com/8005539,三星剑圣专场8005539,lol云顶之弈,丿蜡笔小新丶山治,4582,
https://www.douyu.com/8089148,彭文建123的直播间,lol云顶之弈,彭文建123,4554,
https://www.douyu.com/8074270,用户77190078的直播间,lol云顶之弈,布娃娃呀,4551,
https://www.douyu.com/5308438,电竞少女丸仔ovo,lol云顶之弈,YW丶热恋o嗨嗨姐夫,4450,
https://www.douyu.com/1620090,一个阵容，上黄金不是问题,lol云顶之弈,Charles丶文,4436,
https://www.douyu.com/7536267,云顶中年人想圆王者梦,lol云顶之弈,黄石棋圣,4424,
https://www.douyu.com/7351006,一群憨憨小伙伴,lol云顶之弈,顾小发幼稚鬼,4417,
https://www.douyu.com/6919976,斗鱼旗狂6919976,lol云顶之弈,旭日升天丶,4317,
https://www.douyu.com/8044712,R2~雪花飛舞~台服3区~~,lol云顶之弈,用户898885549,4130,
https://www.douyu.com/1544481,随 丶 缘,lol云顶之弈,82丶疯子,4125,
https://www.douyu.com/8039149,小肉肉591的直播间,lol云顶之弈,小肉肉591,4013,
https://www.douyu.com/1469274,温柔善良的我,lol云顶之弈,你们的海哥Ocean,4004,云顶棋手
https://www.douyu.com/5973356,新号上分，冲冲冲,lol云顶之弈,云顶杰哥,3989,
https://www.douyu.com/583139,小姐姐带我上钻石,lol云顶之弈,理察德RC,3949,
https://www.douyu.com/8043743,影剑JS爸爸带你驰骋云顶~,lol云顶之弈,是一阵风吖,3943,
https://www.douyu.com/7968120,每天都是勤奋的小蜜蜂,lol云顶之弈,哈丶登登登,3872,
https://www.douyu.com/5513985,饥荒1000天计划,lol云顶之弈,六一菜,3866,
https://www.douyu.com/7751232,无偿上分轻松上钻,lol云顶之弈,云顶丶大魔王,3749,
https://www.douyu.com/52695,美服 随便操作一下 52695,lol云顶之弈,Bjergking,3719,
https://www.douyu.com/52695,美服 随便操作一下 52695,lol云顶之弈,Bjergking,3689,
https://www.douyu.com/5320107,居然还有人看我的直播那我一定要好好播,lol云顶之弈,训宇恒朋,3648,
https://www.douyu.com/8159325,大师局雷霆劫,lol云顶之弈,募股22179,3605,
https://www.douyu.com/8142260,无双：那就玩火吧,lol云顶之弈,无双8142260,3576,
https://www.douyu.com/8083745,妮蔻不要只被一具身体受惑还有辣么多的选择,lol云顶之弈,妮妮妮妮蔻妮,3536,
https://www.douyu.com/5250120,【云顶之弈】冲冲冲,lol云顶之弈,AKAUFO,3524,
https://www.douyu.com/8149433,网一 ：王者冲前十,lol云顶之弈,江流儿Kkkmy,3504,
https://www.douyu.com/1045166,求求了给个剑圣吧,lol云顶之弈,biubiu射你一脸,3491,
https://www.douyu.com/1558211,云顶瞎玩会,lol云顶之弈,中年慢动作,3415,
https://www.douyu.com/8130033,六召唤雷霆劫,lol云顶之弈,Aenltobs,3400,
https://www.douyu.com/2266095,无聊打发时间之瞎玩,lol云顶之弈,骚骚Kirito,3399,
https://www.douyu.com/7327737,天堂度假村经理,lol云顶之弈,卖女孩的林雨薇,3367,
https://www.douyu.com/8012939,~艾欧尼亚~玩游戏开心就好啦~,lol云顶之弈,甜甜甜甜甜瓜哟,3285,
https://www.douyu.com/7190295,植物大战坤坤！,lol云顶之弈,是咗咗阿,3235,云顶元素使者
https://www.douyu.com/851389,新版本上分啦 851389,lol云顶之弈,阿菜阿菜阿,3068,
https://www.douyu.com/8068957,BULE 二区 G.M收分 长期稳定,lol云顶之弈,雪落的瞬间y,3040,
https://www.douyu.com/7798095,大家好久不见！！1,lol云顶之弈,蕉蕉嘻嘻mua,3015,
https://www.douyu.com/3293767,有头放心食用,lol云顶之弈,自闭小路,2909,
https://www.douyu.com/7732379,玩steam小游戏~,lol云顶之弈,牧野湖大老狗,2899,
https://www.douyu.com/7975686,♀鮇之の領魊♀,lol云顶之弈,箼頂上的筱槑猫,2877,
https://www.douyu.com/3923810,今天我就就跟影较上劲了,lol云顶之弈,你men的栋哥,2824,
https://www.douyu.com/2875087,【楼本言】求求了给我上个大师吧，,lol云顶之弈,叫我子言吧,2760,
https://www.douyu.com/4033293,臭棋叔：从0开始上王者 我行你也行,lol云顶之弈,32岁的大狗叔,2574,
https://www.douyu.com/7539915,夏天看日落,lol云顶之弈,夏日的日落,2392,
https://www.douyu.com/7435228,犟耸，只玩6森林~,lol云顶之弈,花臂小猫,2337,
https://www.douyu.com/7900358,小号继续冲,lol云顶之弈,小小奕神,2320,
https://www.douyu.com/7451192,雷霆劫顶呱呱,lol云顶之弈,南风小虾,2300,
https://www.douyu.com/6612261,带师125分目标钻一,lol云顶之弈,求奶MQ没有研究生读,2250,
https://www.douyu.com/3411180,保八争七，指点江山,lol云顶之弈,云顶助力王丶giao哥,2210,
https://www.douyu.com/1520711,独木周丶的直播间,lol云顶之弈,独木周丶,2199,
https://www.douyu.com/3501645,明天会更好么么哒,lol云顶之弈,坐以待币BI,2195,
https://www.douyu.com/7627200,打团打团打团！,lol云顶之弈,主播我只看任怡旭大哥,2188,
https://www.douyu.com/8077060,无聊的一天又开始了 8077060,lol云顶之弈,天马行空50417,2170,
https://www.douyu.com/7152934,锁哥大直播间,lol云顶之弈,若风风风风风风feng,2112,
https://www.douyu.com/853679,哼哈！一个能打的都没有,lol云顶之弈,给力嗷铁汁,2040,
https://www.douyu.com/5565146,冲冲冲 5565146,lol云顶之弈,爱曰白的大表哥,2014,
https://www.douyu.com/7963029,新人主播 送办卡给房管！,lol云顶之弈,Perseus丶青兮,1926,
https://www.douyu.com/5344426,上个1000点先,lol云顶之弈,风度翩翩张皮皮,1921,
https://www.douyu.com/8061831,刷宝典的皮肤呀！！！,lol云顶之弈,呀咩之神,1859,
https://www.douyu.com/8088625,Lineage青年2K高清,lol云顶之弈,用户74513796,1707,
https://www.douyu.com/6011138,水友助力使,lol云顶之弈,这个南风不太冷丶,1607,
https://www.douyu.com/494608,国服美服换着来,lol云顶之弈,遇厨,1581,
https://www.douyu.com/5042967,播一波吧 啊·····,lol云顶之弈,有气质的AA,1568,
https://www.douyu.com/6718515,网六扭曲丛林一起玩冲王者,lol云顶之弈,山东阿林,1562,
https://www.douyu.com/6309579,坑神玩云顶之弈,lol云顶之弈,逗逼嗯嗯,1529,
https://www.douyu.com/8160719,10.4版本体验中（爬坑中）,lol云顶之弈,隐默的独白,1397,
https://www.douyu.com/7626241,开启疯狂掉分模式 ，保七争八。,lol云顶之弈,Derd丶飛仔,1345,
https://www.douyu.com/7422037,云顶之弈不吃分请举报我！,lol云顶之弈,L设计界彭于晏,1337,
https://www.douyu.com/4869392,紧张，激------,lol云顶之弈,呲牙咋,1325,
https://www.douyu.com/7330675,游侠 沙漠剑 六影,lol云顶之弈,一个很没有的人,1324,
https://www.douyu.com/1956105,影+电疗二刀流 一起玩啊,lol云顶之弈,求安排777g,1320,
https://www.douyu.com/4334638,小海：那个亚索他秀起来了,lol云顶之弈,小海哥c丶,1315,
https://www.douyu.com/8151219,低段位冲分走起,lol云顶之弈,大宝hjg,1269,
https://www.douyu.com/857249,2020年 第17天 嘿嘿，能吃鸡吗？,lol云顶之弈,xiaoni飞刀,1266,
https://www.douyu.com/2833406,石霸天的直播间,lol云顶之弈,石霸天牛逼,1244,
https://www.douyu.com/1890667,佛系下棋.来啥玩啥,lol云顶之弈,比比芭比啵比呢,1223,
https://www.douyu.com/521836,早，又是美好的一天,lol云顶之弈,s你的小迷弟,1216,
https://www.douyu.com/990193,6影上分教学,lol云顶之弈,SaDo丶东方,1205,
https://www.douyu.com/5728273,电一大师400分冲冲冲！,lol云顶之弈,云顶黑手,1166,
https://www.douyu.com/8109288,千分王者只会豪华拉克丝！,lol云顶之弈,棋王扒拉蛆玩儿,1160,
https://www.douyu.com/8184981,R2久久龙争虎斗,lol云顶之弈,R2小生不才,1144,
https://www.douyu.com/8037942,搜索姐的直播间,lol云顶之弈,搜索姐,1137,
https://www.douyu.com/8235300,将成为云顶之王的男人,lol云顶之弈,魏大超丶,1101,
https://www.douyu.com/8267253,欢乐小主播 8267253,lol云顶之弈,why令,1084,
https://www.douyu.com/8133854,AA小丽478的直播间,lol云顶之弈,AA小丽478,1080,
https://www.douyu.com/1984531,菜园子我鱼,lol云顶之弈,冰晶体冷,1067,
https://www.douyu.com/7203262,这个小伙有点冷,lol云顶之弈,assanwer,1057,
https://www.douyu.com/7551887,虾条无聊吃鸡,lol云顶之弈,虾条zzz,1046,
https://www.douyu.com/6560784,粤语在线直播,lol云顶之弈,绝地粤语,1033,
https://www.douyu.com/7686136,10天上王者教学-今天要吃十鸡,lol云顶之弈,花容月貌的鸡屁股,1029,
https://www.douyu.com/7195072,800斤的EZ你喜欢么,lol云顶之弈,布拉德皮豆,1026,
https://www.douyu.com/4169795,白金号王者局,lol云顶之弈,米苏yo,1021,
https://www.douyu.com/8207925,R2中韩服 正式开区养老不错,lol云顶之弈,86464649,1011,
https://www.douyu.com/8199439,逆向上分今天,lol云顶之弈,啦啦啦啦啦啊头,1007,
https://www.douyu.com/859302,无聊，太无聊了，不能出门的一些天,lol云顶之弈,酷酷木ii,1006,
https://www.douyu.com/2645235,玩锤子玩111,lol云顶之弈,少年痴1234,985,
https://www.douyu.com/7970049,6影暗黑剑圣套路上分从零开始玩,lol云顶之弈,XZC海螺,985,
https://www.douyu.com/3642209,强势回归！！！,lol云顶之弈,主播豪弟,976,
https://www.douyu.com/7979238,影狗的掉分日常,lol云顶之弈,陈贱贱821,925,
https://www.douyu.com/8184725,R2久久龙争虎斗区,lol云顶之弈,R2无赖,924,
https://www.douyu.com/7632470,和风醉酒2的直播间,lol云顶之弈,和风醉酒2,922,
https://www.douyu.com/8266884,死磕六影到底,lol云顶之弈,一对小晨煜,911,
https://www.douyu.com/7927417,陈可k的直播间,lol云顶之弈,陈可k,907,
https://www.douyu.com/8182149,R2久久，R2界帅气扛把子,lol云顶之弈,01321023023,900,
https://www.douyu.com/8208924,德码西亚第一弟弟！！！,lol云顶之弈,快慢09,894,
https://www.douyu.com/7997350,在奶奶家    开不了麦,lol云顶之弈,時透無一郎的無,878,
https://www.douyu.com/6049235,寿光蔬菜大棚,lol云顶之弈,軍哥带你翱翔,852,
https://www.douyu.com/6394656,云顶《各种强大新阵容》,lol云顶之弈,好盏鬼鬼,846,
https://www.douyu.com/593977,云顶实验室-金色掠食上分,lol云顶之弈,大呀啊大江,832,
https://www.douyu.com/6570175,青铜上王者-第9天,lol云顶之弈,天才少女化肥,828,
https://www.douyu.com/8236530,网通云顶大师守门员，第四个号上大师，,lol云顶之弈,哭吃哭吃777,827,
https://www.douyu.com/8018769,jo奈奈的直播间,lol云顶之弈,Lislh,804,
https://www.douyu.com/930419,2020丶阿赞仁,lol云顶之弈,沃德天帅德布耀,789,云顶之弈全能套路王
https://www.douyu.com/8101175,WOLD R2 世界服,lol云顶之弈,Carollin勇,744,
https://www.douyu.com/8267147,JB阿呆的直播间,lol云顶之弈,JB阿呆,731,
https://www.douyu.com/8223517,得罪发牌员的我,lol云顶之弈,周哥哥12,709,
https://www.douyu.com/8218447,超稳法师单刷mld,lol云顶之弈,杨氏集团有限公司,700,
https://www.douyu.com/8223086,tera经典体验服,lol云顶之弈,用户55795190,700,
https://www.douyu.com/8237550,海星星的黄海绵,lol云顶之弈,海星星的黄海绵,697,
https://www.douyu.com/8267235,英雄联盟 云顶之弈王者上分,lol云顶之弈,IchliebeDich69760,672,
https://www.douyu.com/8266725,虐菜娱乐主播，想玩什么您说话,lol云顶之弈,发牌员老爸,671,
https://www.douyu.com/8124449,BMG不错就是技术有点菜,lol云顶之弈,我想不猥琐,666,
https://www.douyu.com/2843623,娱乐至上！ 2843623,lol云顶之弈,灼朴菌,650,
https://www.douyu.com/7021609,最骚马克木兰排位排位排位,lol云顶之弈,离帆x,631,
https://www.douyu.com/658180,【浪人】新号上王者（第三天）,lol云顶之弈,Ronin浪人丶,627,
https://www.douyu.com/6454546,铁拳你的饭被我抢走了吗,lol云顶之弈,小红豆蜜蜜豆,620,
https://www.douyu.com/8023902,用户17284118的直播间,lol云顶之弈,用户17284118,612,
https://www.douyu.com/8219009,聚缘-顶级机车,lol云顶之弈,掌心里的BAO,605,
https://www.douyu.com/8267110,用户023297667的直播间,lol云顶之弈,用户023297667,600,
https://www.douyu.com/508112,你怎么就不多看会呢？,lol云顶之弈,号外人称张四郎,590,
https://www.douyu.com/5471828,阿晨：我没有脑子.嘤嘤嘤~,lol云顶之弈,SUN丶9,565,
https://www.douyu.com/8205303,在家无聊的我,lol云顶之弈,雨辰Cxz,549,
https://www.douyu.com/7576516,y宇宙超级无敌美少女的直播间,lol云顶之弈,y宇宙超级无敌美少女,540,
https://www.douyu.com/5960948,新主播求关注~ 5960948,lol云顶之弈,光速小飞猪,535,
https://www.douyu.com/7074698,还不如不见面 7074698,lol云顶之弈,普通兜友丶,534,
https://www.douyu.com/3258965,争七保八  江流儿,lol云顶之弈,阿冖鹏,525,
https://www.douyu.com/7769667,呀一枚帅哥,lol云顶之弈,麦峻可,507,
https://www.douyu.com/8222699,新主播第一天直播 求关注 8222699,lol云顶之弈,潇洒老黄瓜,506,
https://www.douyu.com/8247068,直播嗑瓜子 8247068,lol云顶之弈,低劣的词汇,502,
https://www.douyu.com/7795919,日常云顶练习,lol云顶之弈,头铁丶大头坤,501,
https://www.douyu.com/6765184,放个大火箭,lol云顶之弈,之一之一之,477,
https://www.douyu.com/5808036,尼古拉斯。久久R2三区,lol云顶之弈,八点十三啊,474,
https://www.douyu.com/7146669,今天冲大师  只玩影剑,lol云顶之弈,昵称是游城,462,
https://www.douyu.com/6643895,从零开始，慢慢摸索上分,lol云顶之弈,紫面修罗058,456,云顶棋手
https://www.douyu.com/8204469,电一新人：云顶冲分,lol云顶之弈,一生安然丶银,446,
https://www.douyu.com/2695933,云顶白给 2695933,lol云顶之弈,NealPUPY,445,
https://www.douyu.com/7738821,躺赢 混分 皮,lol云顶之弈,739332854,429,
https://www.douyu.com/3291949,6影没有千珏苟分教学,lol云顶之弈,自我请修养,428,
https://www.douyu.com/1700454,无聊主播在线下棋,lol云顶之弈,PalettezzzzzzZ,426,
https://www.douyu.com/6982998,寻找剑圣的路上,lol云顶之弈,小骚鸡阿诚,425,
https://www.douyu.com/8242997,木子水羊的直播间 青岛云顶,lol云顶之弈,逆天木子,417,
https://www.douyu.com/8169143,太菜 需要师傅,lol云顶之弈,樱子0616,416,
https://www.douyu.com/8047585,故事太难i85637的直播间,lol云顶之弈,故事太难i85637,406,
https://www.douyu.com/8247122,德姆塞卡尔-联盟-战士T视角,lol云顶之弈,老许特无奈,404,
https://www.douyu.com/1776982,又是易生易死的一天！大号已宗师 小号开赌,lol云顶之弈,歌声里的puyuma,402,
https://www.douyu.com/8082761,小结巴沉默不语,lol云顶之弈,巴神岁月,402,
https://www.douyu.com/8209839,LOL无限火力 8209839,lol云顶之弈,莽子猎人,402,
https://www.douyu.com/6907796,下济而玩会,lol云顶之弈,云顶之奕Z无言,400,
https://www.douyu.com/8191780,彪仔云顶青铜的直播间,lol云顶之弈,用户595782585,400,
https://www.douyu.com/8220332,漂亮帅气的烬烬守护者的直播间,lol云顶之弈,漂亮帅气的烬烬守护者,400,
https://www.douyu.com/8228689,云顶上分路漫漫 8228689,lol云顶之弈,Nigori丶沐枫,400,
https://www.douyu.com/528399,你在无中生有...,lol云顶之弈,zcb609635771,397,
https://www.douyu.com/6752669,快乐肥宅的大魔王,lol云顶之弈,小哥改名就能中大奖,397,
https://www.douyu.com/8122676,上流社会身体娇贵的直播间,lol云顶之弈,上流社会身体娇贵,392,
https://www.douyu.com/2244726,爱生活 爱唱歌,lol云顶之弈,张温暖SunFlower,368,
https://www.douyu.com/5122007,狂战士教学,lol云顶之弈,盾盾骑士,367,
https://www.douyu.com/4777348,6影教学，有易生，无易烦,lol云顶之弈,Ran默默,365,
https://www.douyu.com/2253002,大连棋圣   黄龙士,lol云顶之弈,Q1d6b793e151d31515,348,
https://www.douyu.com/3686867,云顶老炮儿 情人劫快乐,lol云顶之弈,Allen潴潴文,338,
https://www.douyu.com/2440219,"闲来无事,玩玩玩...2440219",lol云顶之弈,枫炎月,328,
https://www.douyu.com/8227945,半盏一灯 新人大家捧捧场,lol云顶之弈,半盏一灯,325,
https://www.douyu.com/6588160,六影天下第一,lol云顶之弈,z523497625,321,
https://www.douyu.com/8167625,夏天的叶子丿的直播间,lol云顶之弈,夏天的叶子丿,312,
https://www.douyu.com/8241421,猫服修仙玩家,lol云顶之弈,猫服部落锦瑟,309,
https://www.douyu.com/7669574,一区超凡，在线送分,lol云顶之弈,小朱xo,308,
https://www.douyu.com/8228192,小刀捅菊花的直播间,lol云顶之弈,小刀捅菊花,304,
https://www.douyu.com/8252277,朴亓亓的直播间,lol云顶之弈,朴亓亓,304,
https://www.douyu.com/8259920,laikangezhibo的直播间,lol云顶之弈,laikangezhibo,304,
https://www.douyu.com/2528126,云顶影 2528126,lol云顶之弈,思域TypeR,302,
https://www.douyu.com/8251313,无限火力-来看看吧 哎,lol云顶之弈,在绝望中逆上,301,
https://www.douyu.com/8259282,拜泉吴彦祖的直播间,lol云顶之弈,拜泉吴彦祖,301,
https://www.douyu.com/8166545,云顶之影剑,lol云顶之弈,滑稽剧lz,300,
https://www.douyu.com/8186188,我要上钻石 8186188,lol云顶之弈,怦然心动456789,300,
https://www.douyu.com/8202525,卡卡大将军的直播间,lol云顶之弈,卡卡大将军,300,
https://www.douyu.com/8224948,Ohmygodness959的直播间,lol云顶之弈,Ohmygodness959,300,
https://www.douyu.com/8234251,小猪的春夏秋冬,lol云顶之弈,用户07076025,300,
https://www.douyu.com/8234636,美服云顶王者局上分,lol云顶之弈,Gear飞飞,300,
https://www.douyu.com/8242412,用户7的直播间,lol云顶之弈,用户77388576,300,
https://www.douyu.com/8243652,小可爱的英雄联盟,lol云顶之弈,小可爱的英雄联盟,300,
https://www.douyu.com/8246126,袁袁的直播间 8246126,lol云顶之弈,老虎是下雨天的猫,300,
https://www.douyu.com/8250772,战神三七开的直播间,lol云顶之弈,战神三七开,300,
https://www.douyu.com/8251382,心底温柔的直播间,lol云顶之弈,沈毅南,300,
https://www.douyu.com/4943093,随缘雷霆《劫》,lol云顶之弈,飘扬飞扬,286,
https://www.douyu.com/7621126,白金1守门员,lol云顶之弈,带不走的旧时光,283,
https://www.douyu.com/7344044,电竞棋王骨头怪,lol云顶之弈,Listening11,264,
https://www.douyu.com/2849246,很久没有播了，下午1.30点-3点,lol云顶之弈,安岳Ning檬,262,
https://www.douyu.com/7383186,一直下棋一直爽  7383186,lol云顶之弈,江南大郭,260,
https://www.douyu.com/1665034,组排开黑送分,lol云顶之弈,长相厮守才是爱,256,
https://www.douyu.com/8266774,R2八斤哥房间,lol云顶之弈,AJ小黑牛,248,
https://www.douyu.com/2019238,反向冲分数我第一,lol云顶之弈,野原丶木村拓哉,239,
https://www.douyu.com/329974,云顶嗨起来 329974,lol云顶之弈,林某某丶,232,
https://www.douyu.com/6421657,我很开始你，你们也要开心哦,lol云顶之弈,TITAN丨天豪,228,
https://www.douyu.com/7117934,斗鱼新人请多指教@@帮忙关注一下,lol云顶之弈,不打扰011,228,
https://www.douyu.com/8212280,zpple的直播间,lol云顶之弈,zpple,216,
https://www.douyu.com/7868671,帅到没朋友啊,lol云顶之弈,靳培玉,200,
https://www.douyu.com/7928384,你快醒醒啊的直播间,lol云顶之弈,你快醒醒呀,200,
https://www.douyu.com/7961503,新人报道吖！！！,lol云顶之弈,28岁18196,200,
https://www.douyu.com/8020216,EOS 涅槃重生,lol云顶之弈,hounan87,200,
https://www.douyu.com/8060534,新人求关注 8060534,lol云顶之弈,98度丶滴,200,
https://www.douyu.com/8151371,范叹卿的直播间,lol云顶之弈,范叹卿,200,
https://www.douyu.com/8190123,球球180406直播间,lol云顶之弈,球球180406,200,
https://www.douyu.com/8206014,云顶之弈-最强王者诞生之路,lol云顶之弈,幕墙设计施工材料供应,200,
https://www.douyu.com/8207146,李新778的直播间,lol云顶之弈,李新778,200,
https://www.douyu.com/8219344,窝头就咸菜,lol云顶之弈,CHN1688,200,
https://www.douyu.com/8227739,不上大师不睡觉 8227739,lol云顶之弈,15042251234,200,
https://www.douyu.com/8231569,我菜，我承认；挨打，我站稳。关注；抱拳,lol云顶之弈,我菜我认挨打站稳,200,
https://www.douyu.com/8241388,早晨起来下下棋,lol云顶之弈,叫我老海就好,200,
https://www.douyu.com/8254573,用户185588765的直播间,lol云顶之弈,用户185588765,200,
https://www.douyu.com/8254805,球鞋聊天区,lol云顶之弈,胖子篮球1985,200,
https://www.douyu.com/8264535,天天云顶 开开心心,lol云顶之弈,衢州魂,200,
https://www.douyu.com/1046201,从白银到王者 1046201,lol云顶之弈,宝宝LOVE宝贝,194,
https://www.douyu.com/2748424,挣7保8送分童子,lol云顶之弈,TuoNiJaa,185,
https://www.douyu.com/302674,新人，新号简单上分,lol云顶之弈,斗于,184,
https://www.douyu.com/6289934,专业的业余主播,lol云顶之弈,刘一凡囧,167,
https://www.douyu.com/2449354,好久不见 云顶之弈~六森林尝试,lol云顶之弈,江南小萌萌,157,
https://www.douyu.com/6922975,电一大师排位 6922975,lol云顶之弈,好哥哥你真猛2333,146,
https://www.douyu.com/6150960,斗鱼第一苟·的直播间,lol云顶之弈,门心丶马叉虫c,128,
https://www.douyu.com/7429657,筱鱼：云顶之弈娱乐模式,lol云顶之弈,牵猫的Yu丶,128,
https://www.douyu.com/1883444,看一下菜鸟多久能上黄金,lol云顶之弈,土方车吧,118,
https://www.douyu.com/4045444,DYleijiang的直播间,lol云顶之弈,DYleijiang,118,
https://www.douyu.com/7299925,云顶直播上分教学,lol云顶之弈,你的名字是愛情丶,117,
https://www.douyu.com/6980328,剑来则生 不来则死,lol云顶之弈,等待773829,112,
https://www.douyu.com/1817382,云顶之弈：来剑则鸡,lol云顶之弈,小贝999,100,
https://www.douyu.com/8266141,数学老师 之 云顶娱乐局,lol云顶之弈,秋分不落,70,
https://www.douyu.com/8266569,一区钻石排位！,lol云顶之弈,188是也,70,
https://www.douyu.com/578566,一顿操作猛如虎，定睛一看青铜五,lol云顶之弈,396170029,68,
https://www.douyu.com/8263543,R2  2.28号开的  来吧,lol云顶之弈,R9734142,58,
https://www.douyu.com/3094911,采姑娘的好楠i的直播间,lol云顶之弈,采姑娘的好楠i,40,
https://www.douyu.com/153051,云顶之弈冲击宗师上分之路,lol云顶之弈,liu920630,36,
https://www.douyu.com/8266993,白沟拓海哥的直播间,lol云顶之弈,炸天帮夺命情圣,33,
https://www.douyu.com/6220746,-----玩玩----,lol云顶之弈,高子洺,30,
https://www.douyu.com/7689768,我喜欢雷霆贵族劫~,lol云顶之弈,布加迪威龙超坏涛涛,24,
https://www.douyu.com/4658842,森哥：来一手骚操作,lol云顶之弈,黑森哥哥QAQ,20,
https://www.douyu.com/8266814,hushuwen的直播间,lol云顶之弈,hushuwen,20,
https://www.douyu.com/1444412,职业寒冰，黄金到大师,lol云顶之弈,渝万丶风向标,17,
https://www.douyu.com/8259855,云顶之弈愉快,lol云顶之弈,用户9826090134,12,
https://www.douyu.com/6918077,目标6森林 6918077,lol云顶之弈,我好强a,4,
https://www.douyu.com/8264815,用户00566238的直播间,lol云顶之弈,聿纵吥同,4,
https://www.douyu.com/8266444,玛拉顿单刷 8266444,lol云顶之弈,静67895,4,
https://www.douyu.com/8266614,青铜选手，无限火力就是刚,lol云顶之弈,ZYN张教练,4,
https://www.douyu.com/8266869,合肥小胡哥的直播间,lol云顶之弈,合肥小胡哥,4,
https://www.douyu.com/251167,独自等待一,lol云顶之弈,麦克斯解说,0,
https://www.douyu.com/502389,白金钻石云顶阵容教学,lol云顶之弈,long857649669,0,
https://www.douyu.com/3768392,棍宝是什么神仙男孩啊,lol云顶之弈,红云丶思相守,0,
https://www.douyu.com/4048605,棋渣称霸全服,lol云顶之弈,阿翔是个老实人,0,
https://www.douyu.com/7541088,新人主播 希望大家多多支持   点点关注,lol云顶之弈,不忘初心262509,0,
https://www.douyu.com/8258531,V7122009的直播间,lol云顶之弈,V7122009,0,
https://www.douyu.com/8258972,R2怀旧  Lampard,lol云顶之弈,超级兰陵王,0,
https://www.douyu.com/8259054,打打无限火力，快乐一下8259054,lol云顶之弈,用户05648245,0,
https://www.douyu.com/8260311,如风095845的直播间,lol云顶之弈,如风095845,0,
https://www.douyu.com/8260788,全斗鱼最菜的主播 8260788,lol云顶之弈,王念然,0,
https://www.douyu.com/8261321,骚林的直播间 8261321,lol云顶之弈,淮北口腔医院张小林,0,
https://www.douyu.com/8262217,峡谷云顶王者天才少年[阿根]的直播间,lol云顶之弈,峡谷云顶王者天才少年,0,
https://www.douyu.com/8262977,老青年的直播间 8262977,lol云顶之弈,大Li出成果,0,
https://www.douyu.com/8264791,斗鱼用户nXlHUQMa的直播间,lol云顶之弈,斗鱼用户nXlHUQMa,0,
https://www.douyu.com/8266633,魔兽怀旧-水晶之牙 8266633,lol云顶之弈,骑着云朵的鸟儿,0,
https://www.douyu.com/8266693,用户004381935的直播间,lol云顶之弈,用户004381935,0,
https://www.douyu.com/8267192,用户26923894的直播间,lol云顶之弈,用户26923894,0,
https://www.douyu.com/8267238,由命live的直播间,lol云顶之弈,由命live,0,
https://www.douyu.com/8267249,小辰lgc的直播间,lol云顶之弈,小辰lgc,0,
https://www.douyu.com/8267264,csgo萌萌的直播间,lol云顶之弈,嘿嘿哈哈哈呵呵曹,0,
https://www.douyu.com/8267271,疯狂石头188的直播间,lol云顶之弈,疯狂石头188,0,
https://www.douyu.com/8267298,只会玩德玛的小灰机的直播间,lol云顶之弈,只会玩德玛的小灰机,0,
https://www.douyu.com/8267341,神奇的孩子的直播间,lol云顶之弈,神奇的孩子,0,
https://www.douyu.com/8267350,博然砚杰2017的直播间,lol云顶之弈,博然砚杰2017,0,
https://www.douyu.com/8267365,我嵩的直播间,lol云顶之弈,我嵩,0,
https://www.douyu.com/8048789,麦田教育8号直播间,lol云顶之弈,36班辅导员滕梓萌,1.1万,
https://www.douyu.com/8174676,A河南恒生仁财税集团的直播间,lol云顶之弈,A河南恒生仁财税集团,2006,
