link,title,source,comments,datetime
https://www.toutiao.com/group/6795808233752625671/,中央政法委组成调查组赴山东调查任城监狱新冠肺炎疫情情况,中国青年网,0,2020-02-21 16:06:45
https://www.toutiao.com/group/6795808233752625671/,中央政法委组成调查组赴山东调查任城监狱新冠肺炎疫情情况,中国青年网,0,2020-02-21 16:06:45
https://www.toutiao.com/group/6795877941537407495/,12345热线的回答为什么总是又快又准？7万字的疫情资料合集了解一下,都市快报,0,2020-02-21 20:37:15
https://www.toutiao.com/group/6795915317932458504/,中国驻珀斯总领馆举行新冠肺炎疫情防控介绍会,人民网,0,2020-02-21 23:02:17
https://www.toutiao.com/group/6795883052804342284/,最新！河北公布第二十四批疫情防控期间违法典型案件,燕赵都市报,0,2020-02-21 20:57:05
https://www.toutiao.com/group/6795904012030837262/,中共中央政治局召开会议 研究新冠肺炎疫情防控工作 部署统筹做好疫情防控和经济社会发展工作 中共中央总书记习近平主持会议,中国青年报,0,2020-02-21 22:18:25
https://www.toutiao.com/group/6795891809949057550/,最美战“疫”人｜疫情之下，护他人平安就是护自己平安,安徽网,0,2020-02-21 21:31:04
https://www.toutiao.com/group/6795833697531593229/,全力应对！山东出台七方面措施应对新冠肺炎疫情对就业形势的影响,光明网,0,2020-02-21 17:45:33
https://www.toutiao.com/group/6795882505208594951/,公安部：依法打击疫情中向电梯吐口水等“不文明”行为,平安吉林,0,2020-02-21 20:54:57
https://www.toutiao.com/group/6795903363876651534/,「疫情防控 甘肃在行动」新冠肺炎患者出院后须跟踪随访 甘肃省卫生健康委有明确要求,每日甘肃网,0,2020-02-21 22:15:54
https://www.toutiao.com/group/6795833370623345160/,海南发布风险提示：本地疫情仍将集中在前期报告病例较多的市县,光明网,0,2020-02-21 17:44:17
https://www.toutiao.com/group/6795919320896504334/,武昌区新冠肺炎疫情防控指挥部公告：居家自我排查申报奖200-500元,湖北经视,0,2020-02-21 23:17:49
https://www.toutiao.com/group/6795896535491019272/,疫情之下，河南“空中丝路”货运不断航,金羊网,0,2020-02-21 21:49:24
https://www.toutiao.com/group/6795799876874535437/,冲在一线！河东区“党员突击队”全力防控疫情,光明网,0,2020-02-21 15:34:19
https://www.toutiao.com/group/6795892945779163651/,浙江省新冠肺炎疫情通报：昨日新增确诊病例28例,钱江视频,0,2020-02-21 21:35:28
https://www.toutiao.com/group/6795892945779163651/,浙江省新冠肺炎疫情通报：昨日新增确诊病例28例,钱江视频,0,2020-02-21 21:35:28
https://www.toutiao.com/group/6795892945779163651/,浙江省新冠肺炎疫情通报：昨日新增确诊病例28例,钱江视频,0,2020-02-21 21:35:28
https://www.toutiao.com/group/6795892945779163651/,浙江省新冠肺炎疫情通报：昨日新增确诊病例28例,钱江视频,0,2020-02-21 21:35:28
https://www.toutiao.com/group/6795854392084922894/,文明之光照亮战“疫”之路，海陵新时代文明实践中心助力疫情防控阻击战,南方plus客户端,0,2020-02-21 19:05:52
https://www.toutiao.com/group/6795878041290539527/,今天，你“一米线”了吗？疫情防控期市民养成文明新习惯,北京日报客户端,0,2020-02-21 20:37:38
https://www.toutiao.com/group/6795919320896504334/,武昌区新冠肺炎疫情防控指挥部公告：居家自我排查申报奖200-500元,湖北经视,0,2020-02-21 23:17:49
https://www.toutiao.com/group/6795896535491019272/,疫情之下，河南“空中丝路”货运不断航,金羊网,0,2020-02-21 21:49:24
https://www.toutiao.com/group/6795854392084922894/,文明之光照亮战“疫”之路，海陵新时代文明实践中心助力疫情防控阻击战,南方plus客户端,0,2020-02-21 19:05:52
https://www.toutiao.com/group/6795928020805747207/,疫情数据发布就要实事求是,新华社,0,2020-02-21 23:51:35
https://www.toutiao.com/group/6795885126875087368/,疫情当前 西夏区700多名公岗不缺席,全国党媒信息公共平台,0,2020-02-21 21:05:08
https://www.toutiao.com/group/6795833970920522252/,湖北订正疫情数据，新增确诊数增加220例原因公布,泰安市泰山区检察院,0,2020-02-21 17:46:37
https://www.toutiao.com/group/6795878232622105102/,苏州战疫先锋｜因疫情防控表现突出，这位社区主任获提拔,扬眼,0,2020-02-21 20:38:23
https://www.toutiao.com/group/6795879010954904075/,重庆铁警开展“战疫情、促春耕、保畅通”宣传活动,重庆晚报慢新闻,0,2020-02-21 20:41:24
https://www.toutiao.com/group/6795833678145683982/,赵宇主持召开县委新冠肺炎疫情防控工作第9次调度会,华声在线,0,2020-02-21 17:45:29
https://www.toutiao.com/group/6795809048915608078/,最新丨2020年2月21日0时至12时山东省新型冠状病毒肺炎疫情情况,山东发布,8,2020-02-21 16:09:55
https://www.toutiao.com/group/6795843345194156558/,娄勤俭：更好地保护关心爱护疫情防控一线医务人员,中国江苏网,2,2020-02-21 18:23:00
https://www.toutiao.com/group/6795885474343813640/,住建局：不能按时缴住房公积金企业，允许疫情解除后三个月内补缴,南方都市报,0,2020-02-21 21:06:29
https://www.toutiao.com/group/6795806084385735176/,冲锋“疫”线！重庆“三支一扶”人员守护疫情防控“最后一公里”,上游新闻,0,2020-02-21 15:58:24
https://www.toutiao.com/group/6795833395424264718/,中信银行手机银行疫情服务专区推出12项防疫服务,河北新闻网,0,2020-02-21 17:44:23
https://www.toutiao.com/group/6795878261277590024/,巾帼何曾让须眉 共克时艰！唐山市中医医院5名护理人员赴湖北支援疫情前线,河北新闻网,0,2020-02-21 20:38:29
https://www.toutiao.com/group/6795886184263320077/,冀法战疫｜“众志成城，共抗疫情”——石家庄中院组织募捐支持疫情防控工作,河北高院,0,2020-02-21 21:09:19
https://www.toutiao.com/group/6795887594438656526/,1.1万座大棚蔬菜正当时！岱岳区防控疫情不误生产！,泰安之声,0,2020-02-21 21:14:43
https://www.toutiao.com/group/6795805833276949006/,疫情联防联控 长三角生态绿色一体化发展示范区这么干,浙江新闻,0,2020-02-21 15:57:26
https://www.toutiao.com/group/6795809621589099022/,长春市双阳区人民法院敲响疫情期间互联网庭审“第一槌”,中国吉林网,0,2020-02-21 16:12:08
https://www.toutiao.com/group/6795830939244036619/,抗击疫情的“逆行者” ——成武县汶上集镇陈朱楼村网格员陈守峰抗疫纪实,山东省委政法委,1,2020-02-21 17:34:51
https://www.toutiao.com/group/6795878261277590024/,巾帼何曾让须眉 共克时艰！唐山市中医医院5名护理人员赴湖北支援疫情前线,河北新闻网,0,2020-02-21 20:38:29
https://www.toutiao.com/group/6795910520185553416/,福建六部门发文对受疫情影响严重企业给予贷款贴息,东南网,0,2020-02-21 22:43:40
https://www.toutiao.com/group/6795851982704738828/,千家鄂企进入疫情防控重点企业名单，湖北专项再贷款落地96.53亿元,湖北之声,0,2020-02-21 18:56:40
https://www.toutiao.com/group/6795787472497279495/,疫情防控新闻发布会｜上海80家餐饮企业日供餐22万份,环球网,0,2020-02-21 14:46:11
https://www.toutiao.com/group/6795809003659067917/,【净网2020】为疫情防控提供有力法治保障,甘南网警巡查执法,0,2020-02-21 16:10:58
https://www.toutiao.com/group/6795887331338355214/,地毯式排查防控！普陀的他们开启24小时工作开关，打好疫情阻击战,上海普陀发布,0,2020-02-21 21:13:41
https://www.toutiao.com/group/6795885127567147533/,妨碍疫情防控，永宁一男子被拘,全国党媒信息公共平台,0,2020-02-21 21:05:08
https://www.toutiao.com/group/6795886583066133000/,助力疫情防控 新都一企业向成都城管系统捐赠价值300余万元环卫设备,红星新闻,0,2020-02-21 21:10:47
https://www.toutiao.com/group/6795914298720780808/,【众志成城 抗击疫情】山东：硬核举措 提速复工复产,闪电新闻,0,2020-02-21 23:00:43
https://www.toutiao.com/group/6795915873413497352/,人命关天的疫情数据必须实事求是,人民日报,2,2020-02-21 23:04:27
https://www.toutiao.com/group/6795881385455256071/,中行台州分行“疫情防控”与“金融支持”两手抓 做好抗击疫情金融服务,经济日报,0,2020-02-21 20:50:37
https://www.toutiao.com/group/6795806161300881934/,战疫情、抓生产！常山疫情防控、春耕备耕两不误,浙江新闻,0,2020-02-21 15:58:42
https://www.toutiao.com/group/6795858578319081996/,福建一男子疫情期间还敢外出喝酒，结果要被追究刑事责任,FM1007福建交通广播,4,2020-02-21 20:51:32
https://www.toutiao.com/group/6795797813998387724/,战疫情！人民日报评论员向奋战一线社区工作者致敬|防控疫情0220,冰视频,0,2020-02-21 15:26:19
https://www.toutiao.com/group/6795868426628760075/,战疫情 | 守土有责 守土尽责 区乡镇卫生院在行动,锦州政法,0,2020-02-21 20:00:20
https://www.toutiao.com/group/6795798341310480908/,紧急通知！哈尔滨市四个主城区将实行“三严”管理|防控疫情0220,冰视频,0,2020-02-21 15:28:21
https://www.toutiao.com/group/6795830021408686595/,疫情防控仍处在关键窗口期，武汉计划再建19家方舱医院,纵相新闻,0,2020-02-21 17:53:38
https://www.toutiao.com/group/6795906867110347278/,床等病人现象很快会出现！疫情暴发趋势得到控制，但拐点尚未到来,看看新闻,1,2020-02-21 23:07:04
https://www.toutiao.com/group/6795872602565902859/,这场疫情防控“大考”，三明南平表示深耕医改起了重要作用,福建日报,0,2020-02-21 20:36:39
https://www.toutiao.com/group/6795829911341761038/,平舆县辛店乡：“疏堵”结合 全力做好疫情防控工作,河南经济报,0,2020-02-21 17:30:52
https://www.toutiao.com/group/6795805212666757636/,兰州安宁区党员干部手绘漫画助力疫情防控,兰州方程式,0,2020-02-21 15:55:02
https://www.toutiao.com/group/6795809580992430600/,战疫情稳增长！“齐鲁号”欧亚班列春节后第50列开行,齐鲁网,0,2020-02-21 16:11:58
https://www.toutiao.com/group/6795927663291662855/,国际航协：亚太地区航空公司或因新冠肺炎疫情损失278亿美元,航空圈,0,2020-02-21 23:50:12
https://www.toutiao.com/group/6795867213237584392/,人社部：各类用人单位不得以来自疫情严重地区为由拒绝招用相关人员,北京商报,4,2020-02-21 19:55:37
https://www.toutiao.com/group/6795905313187824136/,关注！如何防止疫情防控由硬核变硬来？民政部的回应来了！,看看新闻,0,2020-02-21 23:07:36
https://www.toutiao.com/group/6795870151435616781/,疫情期间，孕妈出现哪些症状需要就医？权威解答来了,中国妇女报,0,2020-02-21 20:07:01
https://www.toutiao.com/group/6795911912807727629/,四川发布疫情防控期间景区开放指南,新华网客户端,0,2020-02-21 22:49:04
https://www.toutiao.com/group/6795791314681070084/,南昌：发挥人民调解工作优势，排查化解疫情期间矛盾纠纷,江西政法,0,2020-02-21 17:42:49
https://www.toutiao.com/group/6795875658250584589/,抗战疫情宅在家，板大山村村民红色剪纸助防疫,齐鲁壹点,0,2020-02-21 20:28:23
https://www.toutiao.com/group/6795797823150359053/,丽江景点向国内疫情防控低风险地区开放,澎湃新闻,11,2020-02-21 15:26:21
https://www.toutiao.com/group/6795929316384309768/,疫情期间，顺庆区检察院信访工作这么干！,顺庆区人民检察院,0,2020-02-21 23:56:37
https://www.toutiao.com/group/6795926057452044804/,“捐款抗击疫情”！老人扔下10万就走，街道办急寻：担心是养老钱,都市民生汇,0,2020-02-21 23:44:01
https://www.toutiao.com/group/6795896329865265672/,乌苏市600余名志愿者投身疫情防控一线,天山网,0,2020-02-21 22:51:05
https://www.toutiao.com/group/6795807521190707725/,监狱系统采取哪些工作措施遏制疫情？司法部监狱管理局回应,第一财经,2,2020-02-21 16:03:59
https://www.toutiao.com/group/6795883769036276232/,疫情下的山东银行业：1亿额度大额存单5分钟售罄，每天都是一场硬仗,经济导报,2,2020-02-21 20:59:52
https://www.toutiao.com/group/6795930187004379652/,浙江省司法厅：十里丰监狱一民警1月去了武汉，回来后隐瞒行程继续上班；目前未发现疫情向监狱外扩散,浙江之声,0,2020-02-21 23:59:59
https://www.toutiao.com/group/6795930187004379652/,浙江省司法厅：十里丰监狱一民警1月去了武汉，回来后隐瞒行程继续上班；目前未发现疫情向监狱外扩散,浙江之声,0,2020-02-21 23:59:59
https://www.toutiao.com/group/6795831570931548685/,抗击疫情·复工 | 海南已复工项目362个 近期计划复工项目1575个,南海网,0,2020-02-21 17:37:18
https://www.toutiao.com/group/6795788317670507015/,当高血压患者遇到新冠肺炎疫情，降压药物是否需要调整？,光明网,0,2020-02-21 14:49:28
https://www.toutiao.com/group/6795876951073489422/,临商银行天津路支行疫情期间始终坚持温情服务,临沂在线,0,2020-02-21 20:33:24
https://www.toutiao.com/group/6795914793778676237/,广东省潮州市开发区市场监管局坚持两手抓 助力疫情防控和企业复工复产工作,中国质量新闻网,0,2020-02-21 23:00:15
https://www.toutiao.com/group/6795804311075947016/,平时委员战时兵——富源县政协委员张米仙坚守抗击疫情第一线,掌上曲靖,0,2020-02-21 15:51:31
https://www.toutiao.com/group/6795885130226336264/,西夏区细化措施做好学校返银师生疫情防控,全国党媒信息公共平台,1,2020-02-21 21:05:09
https://www.toutiao.com/group/6795929856233177607/,药物研发到了哪一步？复产复工如何防感染？——疫情防控科技进展焦点透视,客家新闻网,0,2020-02-21 23:58:42
https://www.toutiao.com/group/6795892335654732301/,渭南发布｜关于进一步做好医养结合机构新冠肺炎疫情防控工作的通知,渭南日报,0,2020-02-21 21:33:06
https://www.toutiao.com/group/6795881066352607752/,通州：物业落实企业责任，强化政务楼宇和小区疫情防控,通州发布,0,2020-02-21 20:49:23
https://www.toutiao.com/group/6795884091737637383/,湖北省委书记应勇：疫情统计不允许核减已确诊病例！国务院最新发布会看点也来了,中国基金报,0,2020-02-21 21:01:07
https://www.toutiao.com/group/6795830678169584136/,南京老乡救了他的命，他说等疫情结束还要到南京看看,龙虎网,0,2020-02-21 17:33:50
https://www.toutiao.com/group/6795925535198282251/,让胡路区举行应对新型冠状病毒肺炎疫情工作新闻发布会,大庆油田发布,0,2020-02-21 23:41:56
https://www.toutiao.com/group/6795809517687800332/,海珠｜真有心！疫情防控，龙凤社工提供“五心”服务,微社区e家通,0,2020-02-21 16:11:44
https://www.toutiao.com/group/6795833366869443076/,广州：推进“三复”工作有信心！防控效果明显，有效遏制疫情,花城咖,0,2020-02-21 17:44:17
https://www.toutiao.com/group/6795832355459170823/,上海工商企业复工率超7成，疫情补贴款加速到位,第一财经,4,2020-02-21 17:40:21
https://www.toutiao.com/group/6795877934243512846/,平安高管谈疫情影响：短期很明显 整体可控,时代周报,0,2020-02-21 20:37:13
https://www.toutiao.com/group/6795878134798352904/,【坚决打好打赢疫情防控阻击战】这场战“疫”，我绝不缺席！,通化高新公安,0,2020-02-21 20:38:00
https://www.toutiao.com/group/6795805095427572231/,荔湾｜众志成城、抗击疫情，昌华街辖区企业纷纷向防疫一线献爱心,微社区e家通,0,2020-02-21 15:54:34
https://www.toutiao.com/group/6795918046197187080/,疫情下的“逆行者”，硬核老交警的坚守|金昌最美“疫”线人,金昌公安交警,0,2020-02-21 23:12:52
https://www.toutiao.com/group/6795918046197187080/,疫情下的“逆行者”，硬核老交警的坚守|金昌最美“疫”线人,金昌公安交警,0,2020-02-21 23:12:52
https://www.toutiao.com/group/6795876951463559694/,临商银行天津路支行疫情期间切实加强贷后管理工作,临沂在线,0,2020-02-21 20:33:24
https://www.toutiao.com/group/6795919261328998920/,肇庆：机关事业单位疫情防控22个必备,肇庆发布,0,2020-02-21 23:17:35
https://www.toutiao.com/group/6795808360710013453/,湛江移动5G搭载云视讯系统助力疫情防控,南方plus客户端,0,2020-02-21 16:07:14
https://www.toutiao.com/group/6795880795715142148/,「抗疫情·直通黄石」凶是一种爱 女“门神”守护感控生命线,江苏新闻,0,2020-02-21 20:48:19
https://www.toutiao.com/group/6795832510749082125/,口罩没到货，小心是骗局！严打涉疫情网络诈骗,咸阳网警巡查执法,0,2020-02-21 17:40:57
https://www.toutiao.com/group/6795798570466279939/,疫情不灭，特警不退！武汉一线特警镜头前诉说心声,武汉广播电视台,2,2020-02-21 15:29:15
https://www.toutiao.com/group/6795895230852760068/,甘肃省交通运输厅印发《通知》积极应对疫情影响确保完成交通扶贫任务,甘肃省交通运输厅,0,2020-02-21 21:44:20
https://www.toutiao.com/group/6795930208542130691/,「疫情之下抓生产」广西宁明：防疫生产“两不误”全力奋战“开门红”,国际在线广西频道,0,2020-02-22 00:00:04
https://www.toutiao.com/group/6795921692519563780/,不赢不收，崖州民兵构建疫情防控“迷彩”线,海南新视界,0,2020-02-21 23:27:02
https://www.toutiao.com/group/6795927470592754189/,「众志成城 战胜疫情」甘肃无新增新型冠状病毒肺炎确诊病例累计91例,嘉峪关广播电视台,0,2020-02-21 23:49:27
https://www.toutiao.com/group/6795798029778551308/,"黑龙江省教育厅：3月2日起,中小学校将展开线上开课|防控疫情0220",冰视频,0,2020-02-21 15:27:09
https://www.toutiao.com/group/6795894533293867524/,疫情防控期间，这帮建设者变成了任劳任怨的志愿者…,上海工地,0,2020-02-21 23:36:03
https://www.toutiao.com/group/6795791939418456580/,武汉一男子疫情期与邻居吵架起纠纷，刺死一家3口：已被控制,star星视频,89,2020-02-21 15:03:31
https://www.toutiao.com/group/6795923724714377736/,抗击疫情·战“疫”人物 | 东方警察夫妻奋战防疫一线,海南新视界,0,2020-02-21 23:34:55
https://www.toutiao.com/group/6795787754467754510/,巢湖推广使用小区电子出入证助力疫情防控,安徽网,0,2020-02-21 14:47:17
https://www.toutiao.com/group/6795832513160806915/,追责问责！武汉各区委书记、区长签疫情排查责任状|抗击疫情0220,沈阳广播电视台,0,2020-02-21 17:40:58
https://www.toutiao.com/group/6795881239522837005/,李刚：坚定不移抗击疫情有力有效复工复产,且末县融媒体中心,0,2020-02-21 20:50:03
https://www.toutiao.com/group/6795929918799610382/,湖南发行首批疫情防控专项同业存单,新湖南,0,2020-02-21 23:58:57
https://www.toutiao.com/group/6795805481722970632/,防好疫情，备好春耕,黑龙江晨报,0,2020-02-21 15:56:04
https://www.toutiao.com/group/6795830182788727303/,“跨越江海的牵挂”结下千里友情：疫情过去请你们来武汉玩,信网,0,2020-02-21 17:31:55
https://www.toutiao.com/group/6795791411368165901/,来自甘肃玉门的战“疫”日记：抗风沙战疫情 欠妻儿再补还,甘肃网络广播电视台,1,2020-02-21 15:01:28
https://www.toutiao.com/group/6795896265499476493/,遂平县玉山镇：心系疫情防控，情暖困难群众,驻马店网,0,2020-02-21 21:48:21
https://www.toutiao.com/group/6795884170733158925/,永定区新冠肺炎疫情防控应急指挥部关于有序恢复生产生活的通知,永定新闻网,0,2020-02-21 21:01:25
https://www.toutiao.com/group/6795798656155910664/,疫情防控期间，怎么做能让生活有意义？专家这么说|防控疫情0220,冰视频,0,2020-02-21 15:29:35
https://www.toutiao.com/group/6795889889087848973/,江华：让青春在战疫情、复生产、保民生中闪光,红网永州站,0,2020-02-21 21:23:37
https://www.toutiao.com/group/6795805921600602628/,顶风作案？男子疫情期捕食野味，结果被儿子晒图“出卖”,菏泽巨野县法院,13,2020-02-21 15:57:51
https://www.toutiao.com/group/6795877296579281415/,抗击疫情，高新区捐赠30多万元善款,观威海,0,2020-02-21 20:34:45
https://www.toutiao.com/group/6795835015608402445/,科学实验挑战赛来了——对抗疫情潍坊市科技馆在行动,潍坊电视台,0,2020-02-21 17:50:40
https://www.toutiao.com/group/6795787014227624451/,连云港中院应对新型冠状病毒感染肺炎疫情防控工作领导小组召开第二次会议,连云港市中级人民法院,0,2020-02-21 14:45:43
https://www.toutiao.com/group/6795911288489771527/,一切为了小区居民的疫情安全——黄州书香茗苑小区综合党支部党员服务剪影,黄冈新闻网,0,2020-02-21 22:46:39
https://www.toutiao.com/group/6795874609229988366/,待你战胜疫情，也来看看我拼搏的样子,新华社,0,2020-02-21 20:24:19
https://www.toutiao.com/group/6795833627700625934/,【疫情防控正当时  精准扶贫“不掉队”】——平川分局走访慰问驻村扶贫工作队,平川公安,0,2020-02-21 17:45:17
https://www.toutiao.com/group/6795833621270757901/,受疫情影响，社保、医保、公积金将发生这些变化！,广州女性,0,2020-02-21 17:45:16
https://www.toutiao.com/group/6795809817098191372/,路井镇：战疫情，抓复工，全力奋战春耕农业生产,渭南青年网,0,2020-02-21 16:12:53
https://www.toutiao.com/group/6795876289690468878/,广州南沙推进春耕生产 农户：疫情影响不算太大,中新视频,0,2020-02-21 20:30:50
https://www.toutiao.com/group/6795809202368414219/,我们生活在同一个地球村！日本疫情越发严重，你怎么看？,若有所思CS,2,2020-02-21 16:10:30
https://www.toutiao.com/group/6795832387004531207/,河北省景县退役军人彭东：退伍不褪色 疫情现义举,国防时报排头兵,0,2020-02-21 17:40:28
https://www.toutiao.com/group/6795886870510174728/,疫情是面照妖镜！当考验来临，不同品质的人会有怎样不同的表现？,许川,1,2020-02-21 21:11:54
https://www.toutiao.com/group/6795834577202971140/,发挥中医药独特优势 坚决打赢新冠肺炎疫情防控阻击战,潍坊电视台,0,2020-02-21 17:48:58
https://www.toutiao.com/group/6795876289690468878/,广州南沙推进春耕生产 农户：疫情影响不算太大,中新视频,0,2020-02-21 20:30:50
https://www.toutiao.com/group/6795834577202971140/,发挥中医药独特优势 坚决打赢新冠肺炎疫情防控阻击战,潍坊电视台,0,2020-02-21 17:48:58
https://www.toutiao.com/group/6795799055608840711/,"哈尔滨：尚志市民警王志伟牺牲,最后嘱托是“坚守”|防控疫情0220",冰视频,0,2020-02-21 15:31:08
https://www.toutiao.com/group/6795842130611798540/,温馨彩信助力敦煌市社区疫情防控工作,敦煌发布,0,2020-02-21 18:18:17
https://www.toutiao.com/group/6795788016704029192/,疫情防控期间“疫”线交警紧急救助受伤孩童,聊城新闻网,0,2020-02-21 14:48:18
https://www.toutiao.com/group/6795887814069191180/,新冠疫情之下，孩子生病该不该就医？从这3个病例说起,柯大夫儿科科普教育,1,2020-02-21 21:19:11
https://www.toutiao.com/group/6795806911259214350/,截至2月20日信阳市新型冠状病毒肺炎疫情最新情况,信阳周刊新闻网,0,2020-02-21 16:01:37
https://www.toutiao.com/group/6795874609229988366/,待你战胜疫情，也来看看我拼搏的样子,新华社,0,2020-02-21 20:24:19
https://www.toutiao.com/group/6795780405195702791/,以为是简单的胸闷，却被确诊为新冠肺炎！面对疫情，做好这些警惕,有来医生,0,2020-02-21 14:18:45
https://www.toutiao.com/group/6795893048397005315/,疫情期间聚众赌博，警方突击现场，四人被拘,沸闻天下,5,2020-02-21 21:35:52
https://www.toutiao.com/group/6795806454084272654/,中诚信国际：新冠疫情对建筑行业的影响,同花顺财经,0,2020-02-21 15:59:50
https://www.toutiao.com/group/6795929516788154887/,【众志成城抗疫情】爱心大白菜  浓浓战“疫”情,活力贵定,0,2020-02-21 23:57:23
https://www.toutiao.com/group/6795907497963028996/,疫情不除 爱心餐不断,七道阳光,0,2020-02-21 22:31:57
https://www.toutiao.com/group/6795853409778926094/,焦作示范区信访干部董爱萍：誓把疫情堵在外,焦作在线网,0,2020-02-21 19:02:03
https://www.toutiao.com/group/6795808592168485387/,「疫情之下的西安餐饮」疫情过后，这家网红潮店邀你一起开”黑”,美餐Meal,0,2020-02-21 16:08:33
https://www.toutiao.com/group/6795420042289742344/,疫情之下，他们因为乱吐口水付出代价！,澄城检察,0,2020-02-21 14:48:00
https://www.toutiao.com/group/6795809922467496451/,邵阳市疫情防控期间环境质量良好,邵阳新闻,0,2020-02-21 16:13:18
https://www.toutiao.com/group/6795898637395165703/,咋办？受疫情影响，民航损失超700亿,全球民航讯,0,2020-02-21 23:59:00
https://www.toutiao.com/group/6795788245301985805/,战疫情，献爱心 费县农民协会义工济困助贫,临沂农业农村,0,2020-02-21 14:49:11
https://www.toutiao.com/group/6795835645357982215/,金川警方坚决把疫情阻挡在高墙之外,法治甘肃网,0,2020-02-21 17:53:07
https://www.toutiao.com/group/6795777775912354307/,疫情下，这才是农业人该想、该应对的事,一花一世界ice,0,2020-02-22 00:01:00
https://www.toutiao.com/group/6795930124186288653/,疫情对产业影响的反思,泓厓子兮,0,2020-02-21 23:59:45
https://www.toutiao.com/group/6795929554973098504/,杭州疫情新消息，快递已全复工，啵妈绿色健康码出入拿快递买东西,啵妈小白,0,2020-02-21 23:57:32
https://www.toutiao.com/group/6795930380118524420/,武汉疫情实录,少女御姐图社,0,2020-02-22 00:00:44
https://www.toutiao.com/group/6795770401575141900/,疫情最新变化！,中国政府网,6,2020-02-21 13:39:56
https://www.toutiao.com/group/6784878192952869390/,病毒来源初步确认！这两类人不易感！疫情最新情况汇总来了,多彩贵州网,1231,2020-01-23 05:12:36
https://www.toutiao.com/group/6789203516205302280/,最新、最权威疫情通报,新京报,82,2020-02-03 20:57:04
https://www.toutiao.com/group/6787306087939834376/,关于疫情，最新的N个权威判断,中央纪委国家监委网站,14,2020-01-29 18:14:05
https://www.toutiao.com/group/6786263077550555656/,武汉市长戴口罩通报最新疫情：刚从疫区回,澎湃新闻,2148,2020-01-26 22:46:40
https://www.toutiao.com/group/6784932302494368264/,全国最新疫情地图曝光（实时更新）：全国确诊553例 死亡17例,海峡网,33,2020-01-23 08:42:35
https://www.toutiao.com/group/6785858516646101518/,天津通报“动车聚集性疫情”：红区隔离的42例人员未出现发热等异常症状,中国新闻网,27,2020-01-25 20:36:46
https://www.toutiao.com/group/6793258152952332811/,关于疫情，两个最新判断！,中国政府网,23,2020-02-14 19:11:08
https://www.toutiao.com/group/6785715600627859981/,全国最新疫情地图曝光（实时更新）：全国确诊1287例，死亡41例,海峡网,163,2020-01-25 11:22:10
https://www.toutiao.com/group/6789376039446381069/,最新通报！湖南全省十四个市州疫情信息分布图来了,红网论坛,1,2020-02-04 08:06:33
https://www.toutiao.com/group/6786026037575680525/,人民日报：坚定信心坚决打赢疫情防控阻击战,人民日报,9,2020-01-26 07:26:50
https://www.toutiao.com/group/6786713518033863182/,1月28日 | 疫情速读！专家回应北京2例婴幼儿病例：原则上所有人都易感,每日新报,16,2020-01-28 03:54:36
https://www.toutiao.com/group/6795832382055252491/,公告 | 今日14时起，甘肃新冠肺炎疫情防控应急响应级别由一级调整为三级,临夏声音,0,2020-02-21 17:40:27
https://www.toutiao.com/group/6795848855016440324/,甘肃省新冠肺炎疫情防控应急响应级别由一级应急响应调整为省级三级应急响应,阳畦高速公路大队,0,2020-02-21 18:44:23
https://www.toutiao.com/group/6795801625958023688/,21日下午，山东疫情情况通报,掌握鲁中,0,2020-02-21 15:41:06
https://www.toutiao.com/group/6795809405053960711/,中央政法委组成调查组赴山东调查任城监狱新冠肺炎疫情情况,最高人民检察院,3,2020-02-21 16:11:18
https://www.toutiao.com/group/6795829708295504391/,中央政法委组成调查组赴山东调查任城监狱新冠肺炎疫情情况,沸闻天下,0,2020-02-21 17:30:05
