no,comments
0,保质期：12个月 包装品质：挺好的 口感味道：好吃，很焦，皮可以一起吃，特别有味道 商品分量：500g 新鲜度：挺好
1,南瓜子刚收到，从日期上看是新的炒货，吃了感觉香脆，真是价廉物美，值得回购。五星好评！
2,原味南瓜子收到了，质量不错，各个饱满，味道不错！下次还在他家购买！
3,经常买憨豆熊的南瓜子，每天吃几把，有益健康，瓜子品质很好，颗大饱满，吃完还会买。
4,口感味道：憨豆熊南瓜子口感很好，我多次购买了。
5,好吃，满意还不错的啊，喜欢的朋友们可以下单的，分量也够的
6,瓜子饱满量足，口味也不错，值得推荐
7,亲货收到！我买的原味的，好吃😋到停不下来，香香的！还会继续光顾此店！
8,第二次购买了，五香南瓜籽味道好。老婆喜欢就好
9,憨豆熊南瓜子很好吃，我们买过多次了。尤其是现在疫情当前，特殊时期，物流还这么快，宅在家里也有零食吃了。
10,瓜子好吃，干净，颗粒饱满，这是我第三次买了
11,已经买第二次了，他家的瓜子仁饱满，质量不错。
12,包装完好，新型冠状病毒还能及时到货感谢厂家及物流，推荐购买。已是第三次购买了。
13,经常买这南瓜子吃，很喜欢这个口味的，吃完再来，
14,此用户没有填写评论!
15,此用户没有填写评论!
16,瓜子可以粒大好吃😋香脆可口
17,宝贝已收到啦！很好吃，满意度可以，好评满分在这里啦老板&hellip;&hellip;
18,南瓜子非常好吃，很香我巳经多次回购了，确实值得称赞。
19,瓜籽大非常好，味道好，下次还要在贵店购买！
20,口感味道：宝贝收到了，口感不错，简直停不下来，不小心就吃了三分之一袋了。吃完后再卖！
21,不错哦，南瓜子清清白白，质量很好，下次还会光顾的
22,口感味道：原味，日期新鲜。
23,疫情期间，收到宝贝，味道很好!谢谢老板的暖春。
24,大粒不大，原味的还带盐，火侯还可以，总的来说一般
25,口感还不错，服务也还挺蛮好
26,买的是原味、大片的，发的是五香、小片的，就连包装都是不一样！
27,物流在疫情时还这么快，味道很好
28,包装品质：包包装完美 口感味道：口味很好 新鲜度：挺新鲜
29,非常好吃，物美价廉值得购买
30,宝贝收到了，挺好的，颗颗饱满。
31,很好吃，份量足，快递也很快，下次还会买。
32,瓜子还行，不是我想要的那种，瓜子磕久了会上瘾，五星好评
33,很好吃，物超所值，下次还买！
34,打开立即尝了下，不错，值得回购。
35,很好吃，香脆可口，经济实惠。
36,不错，香，要多喝水，有只干
37,还算满意，不过我买的是原味的，吃出.来的就是咸味的，瓜子中有块石子
38,此用户没有填写评论!
39,保质期：新货 包装品质：漂亮 口感味道：香 商品分量：足 新鲜度：新货。
40,质量不错！
41,在这非常时期能正常收到快递，谢谢。外包装纸箱完好，谢谢快递小哥送货到小区。遗憾的是有一袋南瓜子口袋开封，一袋南瓜子全都撒在纸箱内，经过与贵店沟通，给以补偿，谢谢贵店对客户的负责态度。但是南瓜子不是所描述的大颗粒而是普通的不大颗粒（在其他店购买的大片南瓜子都很大）。
42,味道不错，非常喜欢这个品牌的瓜子，棒。
43,新鲜度：挺好，新鲜，颗粒大
44,很干净，没有坏的，有点点盐味，正好合适
45,在这家店铺买了好几次了，味道不错还会在来的
46,我已经买过他们店里好多东西了，价廉物美，真心不错，值得购买！
47,没想到物流会这么快，南瓜子也非常香！非常时期零食断顿多**，终于解馋了！
48,干净，匀称，香，价格实惠。
49,已经第两次买了，还是一样的好
50,收到了，笫一时间尝一尝，还是那么香，正宗香南瓜子
51,瓜子很香，会回购，客服泡泡熊也超棒～
52,宝贝收到，质量很好，将会再次光临。
53,味道不错，日期新鲜。
54,瓜子基本还好吃。
55,不错
56,宝贝收到，爪子粒粒包满味道也不错，下次会再光顾。
57,无损坏，玉饱滿，但颗粒细小。
58,挺好的，味道不错
59,瓜子保满，快递服务好，就是我要的是生瓜子，发成熟的了，下次注意，给你们一个好评吧。
60,返购物品。
61,宝贝收到非常好！已是老客户了，服务好，物流很快！
62,好多烂的，吃到嘴里发吐！
63,好吃下次还会来
64,不错可以购买
65,n次购买了，好
66,包装品质：邮政快递不负责任，把货扔在大门口，通知了一下，就不管不顾跑了，如物品不马上去拿，丢失了怎么办？这种不负责任的人怎么干好快递工作！
67,好吃
68,还说是大颗粒，真是大如麻子，与描述一点都不府。
69,可以吧！OK
70,此用户没有填写评论!
71,口感味道：口感很棒，第二次购买了。
72,一直在他家购买
73,东西很好，谢谢，好评。
74,很差，不如本地干果店的
75,发货及时，好吃。
76,宝贝收到，已买第二次了，很好吃，好评五星
77,此用户没有填写评论!
78,经常买 好吃的南瓜子
79,宝贝收到，满意
80,不错，很好。
81,好吃就是有点小
82,非常不错很干净，很好吃，就喜欢你家的瓜子，大爱。以后买瓜子就来你家了
83,发货非所要，也差也乱。
84,收到。还没开包。
85,此用户没有填写评论!
86,吃完了&hellip;
87,此用户没有填写评论!
88,粒大饱满味道不错👍就是快递有点忙
89,此用户没有填写评论!
90,分量很足，挺不错的，好评
91,刚收到，吃后评。
92,收货。口感不错！淘宝天猫购物就是方便。吃的，用的，全部在这里购买，隔几天就想买一次，价格也比实体店便宜，而且还有些优惠看到就买了。隔天就能送到，这样也方便，这里可以节约自己的时间。方便购物。
93,用欺骗手弹！来骗客户！说原味*大颗粒！来骗大价钱💰？明明是小颗粒？很不道德？要说实话！赚钱😍！要赚良心钱？
94,都好吃。口感很好。很香
95,此用户没有填写评论!
96,不错，爱吃，价格实惠
97,这瓜子太焦了，瓜子磕时外壳大部分会碎掉的，真不好！
98,此用户没有填写评论!
99,原味的还好，是第二次购买了，第一次很好，第二次五香味的像是受过潮一样，有股腐烂的味道，可能是回来灌装的，品质不稳定，已经开包吃过了也没法退，本人购买从来不评价，这是买给妈妈吃的，妈妈强烈要求给差评
100,宝贝跟描述大至相符，包装很好，发货挺快，物流很快，五星好评。
101,经常买，也不知道买过多少次了，喜欢你家这个瓜子。
102,好吃，子粒饱满，质量很好，下次再回购
103,味道非常好，香，包装特好，比大街上买的要好的多，还便宜
104,这次的瓜子有点陈啊，不香
105,小的南瓜子 还吃 是我想要的 吃完再买
106,南瓜子比较满意，吃完会回购！
107,南瓜子刚刚收到，物流快速 开袋尝了几粒，好吃 南瓜子香味 盐味适度 干净瓜子虽不大 但皮薄薄的是纯正的南瓜子 赞
108,一般般，不如别人家的香
109,以为是简单包装了，没想到包装大气上档次呢。！！！吃了一些皮薄、肉多、口味好！！！非常值得购买！！！还在犹豫的亲们，快点下单吧！十分好评！！祝老板生意兴隆，财源滚滚&hellip;&hellip;
110,女儿特别喜欢。赶在停运前过年零食都囤好了。这么多这些价格很实在喔。味道也巴适。
111,很好吃。以后还会光临
112,一拿到家女儿就迫不及待的打开吃了，开心果到还不错的，南瓜子很大个，夏威夷果也算可以吧，就是青豆发错了一包整包装的，没有发小包装独立包装呢，不过年底了都很忙也能理解，就希望以后工作人员能再细心些
113,此用户没有填写评论!
114,好吃打算再买点。
115,瓜子收到，不错。好评！
116,好吃，会回购的
117,不错，口感好，满意，
118,复购备一袋，价格很经济，包装超级好日期新，上一袋吃了几天没有一粒坏籽，确实非常好，以后还会复购，好评！
119,味道不错，好评
120,特意试吃了再来评价的，很香瓜子比较干净。
121,南瓜子挺好吃的，皮薄肉饱满吃了停不下来，吃完了继续买，五星好评！
122,第二次购买啦
123,原味的，瓜子很饱满也很脆，可以放心买着吃
124,虽然发来的是咸瓜子，但是口感也很好！颗粒饱满！
125,口感味道：就是真空包装 瓜子吃起来很香也很饱满 商品包装：好 性价比：高 规格重量：足斤足两
126,还是双十一双十二的时候划算 现在涨价了 原味好吃
127,货已收到，非常好，冲着以前买过憨豆熊的信任再次下单，日期新鲜可见，还有小礼物送，给憨豆熊点赞👍。
128,宝贝收到老公就打开试吃了一下味道还不错
129,买了一斤，马上试试，挺好吃的，是我要的口味儿，日期也新鲜。
130,宝贝已收到，谢谢客服人员的热心👍包装非常精美，但是还没拆下来，现好，吃得好，有下次哦，给五星好评
131,好吃。满意。
132,不错，包装好，东西好
133,味道还可以，好吃，以前没吃过这次买来尝尝味道怎么样，一小袋的价格性价比一般，不知道多买会不会便宜点 口感味道：咸 商品包装：好 性价比：一般
134,不好意思评价晚了，已经第二次购买了，颗粒饱满，个人觉得很不错
135,发货及时，包装仔细。和描述相符，重量足斤足两。吃着比较香，没有坏的，只是有个别瘪的。好评。
136,口感味道：原味的外壳带一点点咸，里面不咸，瓜子很干味道非常香 商品包装：包装很好，有封口贴，打开过了也方便存放
137,已经购买很多次了，颗颗饱满，味道很好。好评，推荐一个。
138,瓜子超好吃，脆香脆香的，份量也超级大，值得购买
139,不错(*๓&acute;╰╯`๓)♡，还没打开尝尝，包装看上去不错。
140,一直都是购买&ldquo;憨豆熊&rdquo;的产品，这次试吃一下南瓜🎃子&hellip;&hellip;
141,瓜子挺不错的，味道很好，还是值得购买的
142,买了一小箱，过年吃，好吃不上火，营养又健康！
143,南瓜子质量特别好，很香，卖家服务态度也很好，特别满意，下次还会再来买的
144,宝贝与描述一样  很好吃 已是回头客了  以后都会在这商家购...备的年货 未开
145,规格重量：挺好的！宝宝也爱吃，就是剥壳有点费劲！总体还不错！独立包装，密封口！便于储藏！会继续回购
146,南瓜子原味和五香的都挺好吃的。
147,瓜子干燥松脆，原味，想吃磕不停。非常喜欢， 年后会回购。
148,商品分量：与说明不一样的欺骗客户的骗子商家
149,口感味道：好吃盉 商品包装：好 性价比：好 规格重量：500克两袋好第二次购买.
150,瓜子很好吃，质量不错，很实惠，下次再来光顾！
151,吃了，味道淡淡的，是我想要的，就是有点小，不过皮薄，瓜子仁饱满！想买的可以出手买啦！很实惠
152,瓜子新鲜度不错，味道是我喜欢的，颗粒饱满，要是再大一点点就更好了，不过物有所值，还会继续购买的。
153,这个是大颗粒吗？哈哈哈，我买大颗粒比这个大多了
154,看到包装，尝到滋味，感觉都很不错。价廉物美！
155,瓜子好吃，颗粒饱满。
156,东西收到啦，一如既往的好，回头客啦。
157,第一买这个牌子，选对了，很好吃很惊喜，吃完还会再来。
158,很好吃，帮姐姐买了2斤，还会回购的。
159,包装好也很干净，吃起来很香。
160,以前买个这家的，这次又买2斤很好点👍，直得够买。
161,收到是一袋装的500克，和描述一样，这价格实惠，以后还会回购的
162,好吃，价值便宜😊
163,口感好，商品包装好，性价适合老百性，规格桥标准，这是第四次买这个瓜子，好评
164,好吃，买了两种味道，都挺好吃的
165,好吃，香，大人小孩都喜欢
166,五星好评，多次购买了，老客户吃了还想吃。
167,口感味道：好 商品包装：完整 性价比：高 规格重量：准
168,颗粒饱满，味道不错，满意
169,口感味道：好 商品包装：美 性价比：高 规格重量：足
170,此五香瓜子与描述一致，网店客服态度很好，不但有问必答而且还有问及时答，快递公司服务态度也很好快递快！
171,味道正宗，原味很好。
172,宝贝收到了，开袋就闻到香味不错哦
173,包装品质：很紧实 口感味道：非常好。 商品分量：很足 非常喜欢，五星好评。
174,很好，颗粒小一点，可能南瓜品种不一样，我们南方颗粒比较大。
175,瓜子肉蛮饱满的，原味就是好吃，便宜划算
176,口感味道：還行 商品包装：不錯 性价比：比較高
177,外观还行，还没吃，快递较快，好评。
178,憨豆熊的品牌正宗！南瓜子己是第二次购买了。瓜子的皮薄，味香。吃了停不下来。很好吃。
179,保质期：近期的没问题 口感味道：并不是原味，有点咸 新鲜度：还是滿新鲜的
180,憨豆熊原味南瓜子己收到、包装好、质量和味道好、服务好、物流快，全五星好评。
181,货已收到，一拿回来就品尝了，货很干爽可口，价钱合适，味道正合我意，客服亲和力高，总之很满意，给了五星好评。
182,包装挺好的，看上去很漂亮，还没开吃，不知道颗粒怎么样，习惯好评，开吃了再来追评
183,味道很好，也没有坏的，价格有点贵，（本地有卖，价格便宜，但味道稍欠点）。有需要还会回购的
184,第二次购买了，瓜子质量不错，包装也挺漂亮实用。
185,还不错的南瓜子，好评
186,收到宝贝！已经是第二次够买了，口感好很，瓜子也香的，吃完在买
187,多次购买他家的南瓜籽了。挺好的。份量很足。颗粒是小的，比较饱满。新货。
188,瓜子新鲜，包装完好，口感不错，性价比高
189,宝贝收到，这几天不空，现在才给评价，很好吃就是可立有一点小，不过味道还行，好评
190,包装品质：好 口感味道：好吃 商品分量：足
191,瓜子收到了味道一如既往的好，必须五颗星，下次还会购买的
192,看看还不错
193,宝贝收到，瓜子饱满颗粒大口味好价格低，已多次购买。满意
194,之前买的独立包装的，要过年了买的大袋的，一家人一起吃方便。口感特别好。好评！
195,原味南瓜子已收到，这是第二次购买，货很好，会再次回购。
196,一次性买了好几个品种了，比超市便宜多了，很划算，很满意的一次购物！
197,挺好吃的
198,好吃好吃
199,好吃
200,不错哦！
201,已经买好几次了，很好吃，淡淡的咸味刚刚好。
202,东西收到了，与描述基本相符，本人以为瓜子太小点，基本满意
203,口感味道：香 商品包装：好 规格重量：标准
204,颗粒好像并不大，中等吧。但非常香，非常饱满，还是不错的。
205,很香脆，物美价廉！
206,好吃，满口生香
207,还没有吃，感觉满满一大袋，份量挺足。希望好吃！😄😄😄
208,挺好吃的，家里人比较喜欢吃，正好也要过年了，所以就多买点
209,宝贝收到了，南瓜子真的非常好吃，味道也很好，吃起来真的挺香的。
210,口感味道：口感不错，淡淡的咸味。
211,包装很好，口味也行，颗粒稍小。
212,瓜子棵粒小但很饱满，干净卫生，好评！
213,很好，瓜子味道很脆瓜子整齐包装也好
214,包装完好，味道不错，颗粒饱满。
215,瓜子香脆颗粒饱满，挺好
216,颗粒挺均匀的，好吃停不下来呢，买了多次了，憨豆熊的比较好吃
217,便宜还好吃，再买2袋吃，瓜子干净，
218,此用户没有填写评论!
219,发错货了。我买的是原味的却发五香味的。
220,好吃包装精致下次还买
221,本人买二斤五香大颗粒南瓜子收到是一斤，联系客服至今也沒解决？处理这么点小事有那么难吗？没办法只能差评！！！
222,差差，玩文字游戏，这家店拉黑
223,第二次网购本商品。发货、运输、派送均迅速、快捷。南瓜子质优，味道好，值得点赞！
224,瓜子颗粒饱满，口味不错。
225,非常抱歉！
226,口感味道：很好 性价比：高
227,零食收到，味道还可以，家里人都喜欢。
228,很好吃，外壳有一点点咸
229,瓜子已收到质量很我很满意快递也很快，我已经买两次了很好值得购买
230,瓜子实物与图片一样，很好吃哦⊙&forall;⊙！
231,瓜子香香脆脆的，粒大饱满，值得购买。
232,第三次购买了，一如即往的好，希望商家继续把持好质量关，生意越来越红🔥，新年快乐！明年开门大吉，一路发财。
233,我是回头客，多次买了。口味极佳，物美价廉，评：非常好！
234,刚收到，好评吧
235,已是多次购买了，原味口感更好！
236,第1次网购本商家的商品，包装精美，商品质量不错，口味也不错，物美价廉。
237,便宜实惠
238,不错，好吃
239,价格实惠多次购买
240,尝过了，很好吃！瓜子很脆！味道不错！
241,果实饱满，已经回购几次了。
242,粒大饱满，吃在嘴里也香，真正的物美价廉
243,味道好，瓜子饱满，又买了2袋。
244,此用户没有填写评论!
245,太好吃了，还包邮，现在还想买都不包邮了
246,南瓜子味道还行
247,原味的打开吃了一点，感觉不怎么好吃，包装很好的
248,还未开袋，看包装挺不错的！先好评一个。
249,包装非常好，期待美味
250,味道香分量是还会再买。
251,味道真心不错，到家没几天就吃完了。
252,第二次购买了，价位涨了一点，不过好吃
253,瓜子收到尝了一下很好，以后会再买的
254,：买了两次了，真的很不错，建议大家购买
255,一直在买这家的瓜子，还是一如既往的好
256,原味蛮香的。看客们不要犹豫了，下单吧！
257,瓜子一如往常的味道，好
258,味道不错，好吃。家人爱吃，又下单了
259,口感不错，包装很好，份量够
260,个大饱满，口感不错，值得信赖。
261,很好吃满满一袋子还会光临
262,口感味道：不错，好吃！
263,口感味道：很好吃，香！
264,已经是第三次买了，瓜子很好吃
265,回头客了，南瓜子不错，干净好吃
266,这款南瓜子包装漂亮，片仁香脆但颜色有点黄老，不影响口感。谢谢您们的服务！祝老板生意兴隆！
267,收到宝贝了，宝贝挺好的，价格很优惠，很满意的购物
268,包装很漂亮，就是还没有试吃
269,瓜子收到，帮邻居购买，给好评。
270,价格便宜   好吃 好喜欢呀 还会回购的
271,瓜子收到了，包装完好 ，好吃，好评。
272,可以的，买给家里的，妈妈说不错
273,价格比较实惠，值得购买。
274,价格比较实惠，值得购买。
275,刚收到宝贝，未打开，过两天在评价
276,很好吃，炒货的香味，不会太咸。
277,口感挺好的包装好。
278,口感味道：不错
279,宝贝已收到，客服非常热情表示感谢，质量好，味道佳，给五星好评。
280,价格便宜，品质好，不愧为大品牌
281,宝贝收到了，包装精美好。
282,很好吃，带到公司两天吃没了。下次放家里慢慢吃
283,包装挺好的 很好吃 感觉挺不错的
284,货己收到，打开看了看，不错，皮薄好评 ！
285,五香味的太香了，原味的比较好磕
286,寄到家里备的年货，还不知如何，等过年回家后吃了再评价。
287,第二次购买了，味道不错
288,味道不错，第二次购买了
289,瓜子狠好喝，多次购买了，
290,很好、很新鲜！
291,买好几次了，子大饱满
292,这次买的南瓜子，真的好吃
293,挺好的，看着很干净，吃着香香的，应该多买点
294,口感味道：饱满，很香 商品包装：足量 性价比：高 规格重量：虽然不是如卖家所说大颗粒，但也不太小。
295,口感好，根苗述一样好评！
296,瓜子很好剥，比较饱满，满意
297,好，很好，满意非常满意，下次还四购，五星好评
298,可以，颗粒饱满，香
299,口感味道：有点咸味 商品包装：包装很好，自封袋。 性价比：可以 规格重量：连包装500克粒籽比较小，不是很大粒。
300,包装不错，五香味的很好吃，原味的也不错！
301,在一起吗！一切为了自己方便了我要的生活中心
302,口感味道：味道挺好的！值得购买。
303,很好吃，香脆可口
304,南瓜子真的很香很好吃，
305,好吃 划算
306,好，香，划算。
307,不错，很饱满好吃。下次会回购
308,很好吃，颗粒饱满！
309,好吃，大人小孩都爱吃
310,味道不错好吃😋
311,挺好吃的，孩子喜欢吃
312,宝贝味道很香，值得购买。
313,保质期：很不错，
314,好吃，粒大饱满
315,很好吃很香很饱满
316,新鲜度：很好的。
317,很香，颗粒饱满。
318,高大上，好吃
319,第三次买了，挺好吃的，重量也够，好评
320,这是多次下单了，一直很满意！👍👍👍👍👍👍
321,味道不错，好吃
322,大颗粒好吃
323,很香 大颗粒
324,原味道还不错
325,好评
326,好吃新鲜好吃
327,爸妈开心就好
328,宝贝收到了，真的很好吃，五星好评，下次再来。
329,多次购这宝贝，好！好！
330,好吃，香脆
331,"小,还算饱满."
332,味道不错，香香的，
333,好，口感不错。
334,不错，颗粒大，吃完再买。
335,分量十足，香！
336,口感还可以
337,香，包装完好
338,送货速度很快，质量看着不错！
339,饱满，好吃
340,宝贝收到。很香好吃，五星好评。
341,颗粒饱满
342,颗粒饱满。
343,商品包装：好吃
344,这家店下单5次了，真不错。
345,还没吃，先好评吧，等吃后再来追评。
346,味道很好。
347,味道很好
348,瓜子不错
349,很好大个
350,东西不错
351,不错，口感个好，满意的，
352,宝贝非常满意。
353,好吃，这是第二次购买了，
354,很好吃，已经买过好多次了
355,看着不错，如果好吃，以后就是你家了。好评
356,包装很好，份量足，满意。
357,口感味道：不错 商品包装：正品 性价比：高 规格重量：好
358,还没有打开看，应该没问题吧
359,第二次买了，又酥有香，
360,包装好，发货快。瓜子口感好，好评。
361,非常好，春节必备小吃。
362,包装漂亮，赞
363,已收到还没尝过，好评吧！
364,不错的瓜子，还会再来的。
365,味道好，干净、不腻，好吃。
366,不愧为名牌企业，货真价实，物美价廉，众口齐👍
367,第二次购买，好吃
368,服务很好，态度好！有问题能马上解决！
369,几天搞掂了一包，香脆好吃不咸口，五香原味各一包，坏籽少，这价格在实体超市根本买不到，挺好的，以后零食就你家了，发货快，我喜欢！
370,一如既往的好吃好品质
371,刚收到，先好评，吃了再评
372,开吃了，挺好吃的！又下了四包！
373,价格便宜量又足，好评。
374,很好非常满意非常棒
375,很新鲜，，谢谢老板！
376,没有吃呢，先好评！
377,口感味道：不错 商品包装：完好，没破损 性价比：高 规格重量：准
378,看着跨年演唱会，吃着南瓜子，心情美美哒！新期、称足、饱满、味好，美中不足的就是含盐，选的是原味的，可还是有盐，值得购买哟
379,此用户没有填写评论!
380,好吃！推荐够买
381,包装高大上!日期新鲜、瓜子饱满、味道不错略有点咸味！推荐购买!
382,包装品质：很到位
383,质量挺好的。吃完再买
384,可以不错
385,可以，好吃
386,跟描述相符，不错
387,收到了挺好的给老板五星好评
388,好吃，值得购
389,非常满意非常棒！
390,性价比高，挺好吃的。吃完再来买
391,未尝，暂评好
392,还是很好吃啊
393,十分满意！👍👍👍👍👍👍
394,两个字好吃
395,不错👍第二次买了，好评！
396,原味大颗粒500g收到，包装漂亮，南瓜子日期新鲜不错。
397,香喷喷好吃
398,五星好评
399,五星好评！
400,很好吃，很香
401,不错的。挺好的
402,五分好评！
403,好吃回购的
404,此用户没有填写评论!
405,还会回购
406,收到货发现少一袋，跟客服联系很快补发了，沟通愉快，好评。
407,好吃极了！
408,还可以吧
409,还可以吧
410,还不错吧
411,过年前给家里买的零食，准备过年吃，感觉还是很棒的，瓜子一类的都买了很多次非常喜欢。 商品包装：包装很可爱，也很好，密封也很好方便。
412,口感味道：帮朋友买的，不知道怎么样， 商品包装：包装精美可爱，
413,实物不一样
414,包装完好，颗粒饱满均匀，外皮都是酥脆的，瓜子比实体店里好，又香又脆又酥，不上火，籽粒饱满又大，无坏仁，无空壳，特别爱吃，越吃越想吃
415,好吃，坏仁也少，满意
416,这南瓜子真的很好吃！没有坏的，好剥，味道纯正。买了几家的南瓜子，这个牌子最满意。
417,很好!非常好!好吃!
418,南瓜子很好，颗粒大，味道好吃，分量也足，关键是密封口很喜欢！
419,口感味道：南瓜子收到口味不错 商品包装：包装挺好带自封口
420,非常满意，也很好吃。
421,第二次买了
422,第二次买了，满意。
423,下次还拍。
424,挺好的，已经第三次购买了
425,不错，好磕，好香。
426,憨豆熊南瓜子真的好吃，粒粒饱满，我已经买过好几次了，都吃完一袋了
427,出乎意料的好，原味瓜子，越磕越香，自带密封条，后悔买少了，吃完再买吧。
428,不错，蛮好吃的。
429,不错，脆，挺好
430,还可以，好评。
431,好吃，很满意！
432,不错，很好吃。
433,量足。颗颗饱满无碎籽，味道纯正。
434,很不错，准备再回购
435,多次购买了，好评
436,有密封条，方便随吃随时保存；味道咸淡适中，口感不错。
437,好吃，满意！
438,收到，妈妈说南瓜子的味道还是很不错，新鲜饱满～
439,宝贝描述的一致，质量很好，大小颗粒均匀味道纯正，值得购买。
440,不错，吃完再来
441,宝贝很好，口感好 饱满。原味略带点咸味 ，恰到好处。
442,买了好几次了，没有坏的和苦的瓜子，挺便宜的也挺好的，过年还会继续购买的。
443,此用户没有填写评论!
444,满分，好吃😋
445,不错，挺好吃的
446,很香脆，不错
447,非常满意，值得购买。
448,包装完好，颗粒饱满均匀，外皮都是酥脆的，好评
449,南瓜子很好吃。粒粒饱满又香！大家值得信赖的产品。
450,跑大货车用这个放瞌睡效果非常好，我都用2年了，味道真不错
451,南瓜子干净饱满，又酥又香，包装精美
452,商品包装：南瓜子收到包装不错是真空包装，日期也新鲜，嗯
453,不错，好吃
454,货真价实，没有一个坏的，是今年的新货，口感非常好。
455,收到，好评
456,非常满意！
457,物美价廉。
458,憨豆熊原味南瓜子口感好，进口香香的味道，是一次满意的购物，好评。
459,第二次购买，物流快，非常满意
460,南瓜籽味道很好，五香味的，吃起来确实比原味的好吃多了，喜欢的味道，家人都喜欢吃
461,口感味道：颗粒保满很好吃
462,刚收到货，外包装完好无损，南瓜籽和开心果一个包装盒里，明天尝尝。
463,试了几颗挺好的，原味壳还是有点咸味，颗粒均匀。
464,老顾客回购产品。赶上12活动挺合适的。瓜子给家里老人买的。就爱磕她家😅😅😅
465,第N次回购了，品质一如既往，原味南瓜子，我只吃憨豆熊
466,包装很好
467,口感不错，香味清新干脆，量足
468,南瓜子收到了，已经开始吃了，原味的特别香哦，下次还来哦
469,瓜子收到了 。很不错，好吃味道又纯正5星
470,瓜子壳薄，很香。店家发货快，包装牢靠。真心实惠。
471,南瓜子收到了，又香，粒粒饱满，真的不错
472,已经是第二次购买了，个头小点，但是颗粒饱满。
473,已经收到宝贝。份量足，看上去还不错，品尝后追加评价
474,还没吃，看着不错。南瓜籽对身体健康有好处。会继续关注。
475,还还行吧，喜欢原味不咸的，但瓜子挺小的，，肉也很小
476,给家人买的，都说肉比较饱满，吃起来很香，会继续关注。
477,口感味道：原味的，有点咸， 商品包装：很好 发货很快，包装完好，品质很好，又香又脆
478,包装很好，份量应该很足，日期很新，看评价不错，过几天尝尝，很满意！
479,口感味道：好 商品包装：好 性价比：高 规格重量：也可以，第二次买了，一如既往的好以后还会光顾的啦。
480,品质良好，粿粒包满，价钱实惠。
481,真的好，个大籽饱，正品 性价比：高
482,第二次购买这个南瓜子，价格便宜味道好
483,味道好，比较香。南瓜子的个子再大一点就好了。 发货快、物流快、派件快！ 包装好，无破损！
484,我买的是原味南瓜子500gx2代  发给我的是一代五香的
485,宝贝收到了！喜欢吃南瓜子，天冷了在家吃吃很好，吃了好的话，会再来光顾的，祝卖家生意兴荣
486,南瓜子又香又脆，粒饱满，值得信赖。
487,口感味道：香脆 商品包装：自封口方便 性价比：高 规格重量：与描述一样
488,给姑娘买的，她超级喜欢吃这家的南瓜籽
489,货真价实，不错
490,坚果非常好，特别是腰果，很香，很好吃，其他的也很不错，值得推荐！
491,第二次买了，上次买的五香的，很好吃，这次再试试原味的，吃完再来
492,瓜子看上去不错，价格实惠，值得购买。
493,南子瓜好处很多，最喜欢原味的南瓜子。一斤一装，包装很好，味道也正，价格还实惠和超市散称的价格差不多，满意。吃完再买。
494,还不错，只是五香瓜子比原味的小
495,南爪了质量很好与描述一样的。
496,收到宝贝好用好用，才来评价，好用，大爱，我也喜欢呢，推荐大家都买了尝试啊，因为之前的不太喜欢，这次真的好用，生命仅仅是就是一个瞬间，我们要过好它，热爱它，享受它！活着就是胜利，挣钱只是游戏，健康才是目的，快乐更是真谛！
497,常吃常买的南瓜子，南瓜子有益健康，吃完再买非常满意这次。
498,货收到了 不错的啊！
499,瓜子饱满，很好磕，很香，好吃的忍不住
500,性价比：价格便宜，口味很好
501,瓜子味道很好，分量很足，值得购买！
502,质量挺好，发货及时，包装完整，口口留香。
503,口感非常好，包装高大上，喜欢
504,瓜子收到个不是很大，小瓜子还不错，口感好，好评
505,非常好吃，颗粒饱满，价格也便宜。
506,第二次购买了 好吃 实惠
507,包装不错
508,挺不错的，味道挺好的，小孩子爱吃。
509,大品牌可信赖，有保障。选零食的好店铺
510,这款南瓜子非常好吃，下次在来买
511,口感味道：不错! 商品包装：完好! 性价比：好! 规格重量：分量够!
512,南瓜籽已收到。 口感味道：味道不错，很好吃。包装挺好的，份量很足，性价比蛮好的。好评！
513,口味不错已经买了三次了性价比高
514,口感非常好，家里老人非常喜欢，良心商家，祝生意兴隆!
515,第二次买了，好吃～颗颗饱满，吃完再来～
516,南瓜子收到了，第一时间品尝，特别好吃！
517,口感味道：非常好吃😋 商品包装：完美无瑕疵 性价比：完美 规格重量：完美
518,颗颗饱满，香脆可口！
519,笫3次买了，仁非常饱满，满口留香，还会回购的
520,味道不错，颗粒饱满。
521,货已收到，味道不错。这是我第三次购买啦！给好评。
522,性价比：物美价廉，特别好吃，量还足
523,商品包装：瓜子不错好吃，
524,广告宣传中有蒙骗顾客的嫌疑，广告宣传语中说发500gx2袋，实际上只有500gx1袋。就17块多钱的事，没必要玩文字游戏去坑人，找客服问发一袋是什么情况，反而被说是我的不是了，第一次给差评了
525,口感味道：非常好吃
526,满满一大包，价格实惠
527,宝贝已经收到。我已经第三次买了，很香很脆。
528,包装完好，颗粒饱满均匀，包装精美可爱，味道纯正。
529,挺不错的南瓜子，很好吃，会回购。
530,这款南瓜子包装漂亮，片仁香脆但颜色有点黄老，不影响口感。谢谢您们的服务！祝老板生意兴隆！
531,很快就收到了 棒棒哒 雪花酥走起
532,宝贝收到了，口感好、包装精美，性价此高，规定重量标准，服务周到满意！
533,第N次购买了，品质一贯稳定，到货速度一致。
534,收到就拆开了，很好吃，停不下来。想买的可放心购买，
535,口感味道：好吃
536,发货迅速，包装良好，还没有吃，希望物有所值。
537,口感味道：不错 商品包装：很完整 籽粒也比较大总体感觉不错
538,味道很一般，谈不上好吃
539,宝贝收到了，超级好吃，第二次购买了。推荐。
540,非常饱满，非常好吃，快过年了提前备一些过年吃。卖家服务也很好！！！
541,再次回购 原味不错的
542,真好吃！好吃得停不下来！
543,口感味道：好吃 商品包装：包装很好 性价比：高 规格重量：合格
544,南瓜子不错的，值得购买，吃完再多买一些
545,口感味道：很不错 商品包装：完整 性价比：划算
546,规格重量：非常好
547,颗粒饱满，味道不错哦，只不过外包装上产品说明等是后面另外贴上去的不是一体印刷
548,味道不错，值得购买 家里人都爱吃!
549,味道不错，分量足，好评
550,口感味道：好 商品包装：正 性价比：高 规格重量：准
551,五香瓜子好吃，快递快，份量足
552,感觉还是小贵小贵的，说的两袋结果是一袋，说净重500克。自己没看清！算了，下次不买了。
553,正宗的南瓜子，香！
554,口感味道：五星好评，颗粒大，口味好，下次再买，这是第三次买了。
555,憨豆五香瓜子我是第二次下单了，味道特别，商家服务态度也很好。
556,瓜子好吃 颗粒饱满 又香又脆 没坏子
557,双十二买的，今天终于到了，看了产品，非常满意！
558,很好吃，很香，很大粒，下次再买。
559,挺好吃的，可以考虑回购😃
560,此用户没有填写评论!
561,一大包，酥脆，味道不错，颗粒均匀
562,南瓜子很好吃又香棵粒又饱满第二次买了希望一如既往的好全五星好评
563,瓜子分量包装可以，就是颗粒太小拫本就不是大颗粒
564,薄皮的，瓜子比我想象的小一点，但很好嗑，下回还会买
565,口味不错
566,口感味道：好 商品包装：漂亮 性价比：高
567,物流很快，瓜子大又饱满，很好吃。
568,南瓜子很好吃哦，五香很入味，也很脆，就是瓜子大小不一，其他都好
569,东西不错，物超所值，个人比较喜欢五香味的，皮薄，颗粒饱满，过几天再买点过年吃👍
570,颗粒没有单独包装的时候大 价格实惠
571,产品质量好，物流快，服务态度很好，口感很好，大人孩子都喜欢的产品。
572,原味大颗粒南瓜孑收到了：也品尝了质量很好：不忘百姓的好评，生誉更好，值得表扬五星好评！
573,南瓜子收到了，已回购多次了，质量还可以的，要买的亲放心下单吧，希望南瓜子再大点就更好了
574,口感味道：无糖味道好 商品包装：实惠
575,好好吃哦！大家快来买买买！！！
576,老顾客了，还不错😊
577,第二次购买不错哦
578,瓜了非常不错，很好吃
579,已经重复购买了几次原味的南瓜籽了，之前一直都感觉很好吃，但这次的原味盐放多了，吃多了感觉咸
580,很满意  香 口感味道：香 商品包装：好 性价比：实惠
581,发货速度快，瓜子可以，客服态度很好。吃完再来。
582,好吃不错，喜欢喜欢喜欢
583,包装精美，包装很严实，生产日期都是新的，打开尝了味道不错，性价比高
584,第四次买了，好
585,口感味道：香脆 商品包装：完好 性价比：合理
586,瓜子很好，粒子好大，又干又脆，味道不错 吃完后再买
587,口感味道：没吃，以后评价，包装好看
588,不错不错味道好极了
589,这个南瓜子挺好的，干净，好吃，分量足！外面有一点点咸味，这个可以回购！
590,东东收到了，价廉物美，吃后追评！
591,东东收到了，价廉物美，吃后追评！
592,瓜子新鲜，颗粒均匀，是用盐炒的，很香。值得购买。点亮五颗星！
593,口感味道： 非常好吃 商品包装：好 性价比：高
594,杏仁很好吃，南瓜仁也好吃，物流也很快。
595,不错，很干净，香味很好，值得购买。
596,份量足，味道不错哦，朋友们好喜欢吃咯，买点过年
597,瓜子很新鲜，味道不错。很值得购买。
598,第二次购买，相信这个品牌，今后还会来购买的。
599,味道很香很新鲜，好吃，颗粒饱满。
600,多次买了的确味道不错，粒粒饱满，吃完再来。
601,原味南爪子吃着口感很好，这是第二次买的。
602,性价比：前前后后买了十多斤，刚买的时侯大小均匀，可前几天买的8斤大小不均，有挺多小片的
603,这南瓜子感觉挺好吃的，又再买了二包，建议朋友们买这家的瓜子哦！！
604,颗粒大味道不错，酥脆好吃，
605,宝贝收到。蛮香的   很好吃
606,口感味道：不错！我吃中了。别人觉得可以就叫我替他买的。
607,原来以为是大南瓜子，结果是小南瓜子味道很好，完全是小时候的味道，很有味，很好吃哦！
608,宝贝收到了很好，经济实惠，下次还来你家。
609,发货快，包装精美，瓜子比较小，口感不错。
610,这家的南瓜子又香又脆，已经买了好几次了，准备年货也在这里买，
611,规格重量：瓜子虽小点，挺饱满，也好磕。
612,南瓜子非常饱满，味道很好，值得够购买
613,"南瓜子,好吃,颗粒大,买了两次了,建议大家购买 ."
614,宝贝收了，品质优良，经济实惠，吃感非常香，值得信赖！
615,宝贝收到质量不错味道不错买的满意给预好评。
616,第二次买了，老妈喜欢吃，一包都没吃完，就让我再买两斤屯着
617,宝贝收到了，瓜子很好，老板服务好，快递也很快。
618,商家服务很好，下次一定再次光临。
619,味道不错，瓜子挺大的，已经推荐同事了
620,第一次买这个品牌的，南瓜子很饱满，味道不错，以后就买这个啦，谢谢店家。
621,宝贝是第二次买了，非常好！想买的朋友可以买，我没有骗人！
622,不知道啥东西买来给老婆吃的。她说很好吃，要我再买几包
623,挺好吃，香香的，很好剥开
624,第二次购买，老人家说这个不错，颗粒饱满，好吃
625,很好吃，很大颗，孩子很喜欢吃，价格也不贵下次还会买，
626,口感味道：颗粒大大的，好下次再买
627,瓜子很大颗，味道好，包装漂亮
628,特别好吃，比店里便宜多了，物美价廉啊，再发点过年！
629,这次是帮朋友买的，不知道怎么样，上次买的很好，味道好，而且很容易剥壳。
630,口感味道：收到还没吃。先给好评吧，如好吃还会再买。
631,和图片上有点差别，图片上看着大点，买了五香和原味的，原味的比五香的好，五香的皮不好去，也比原味的小，总的来说味道不错，物流很快服务态度很好。吃完了还会再来购买原味的。
632,瓜子饱满新鲜，香，好吃
633,南瓜子非常好吃，粒粒饱满！
634,多次在你家购买真的实惠好吃棒棒哒
635,瓜子早就收到了，没来得及评价，很好，子粒饱满，非常好吃。
636,口感味道：很好吃， 商品包装：很好 性价比：高 规格重量：很重
637,都可以，不是很大粒的，味道可以，包装很好。五星好评。
638,不是很大颗，但是很饱满，炒过壳太脆了，不敢吃多，有生的就好了
639,今晚开吃了，原味口感很好，家里人喜欢吃
640,瓜子收到，原味的好吃，饱满
641,瓜子很好，口味很香，份量足，非常好。
642,规格重量：原味的很香，已买第三次了
643,瓜籽仁颗粒饱满，只是外皮咸了点，好评
644,口感味道：南瓜子脆香好吃。
645,回头客了，瓜子仁饱满，没有坏的，质量稳定。谢谢店家提供的很产品。
646,南瓜子很好颗颗饱满味道很好
647,绝对好物，籽粒饱满，没有瘪的，大小均匀
648,口感味道：都买第四次了，好吃，下次还来买
649,我妈爱吃原味，但我爱吃五香味，颗粒饱满
650,我妈爱吃原味，但我爱吃五香味，颗粒饱满
651,此用户没有填写评论!
652,南瓜子喜欢，包装合理，价廉物美，吃口也很好。
653,他们家的瓜子，我己经拍好几次，我每天都吃瓜子的，这样瓜子都是最好的，几乎没有一棵坏的，为商家的用心良苦点赞赞赞赞。
654,这是再次购买，原味的不错，买了四袋二袋真空二袋不是真空，希望以后买都是真空，物流很快服务态度很好。
655,南瓜子很香好吃，我朋友也买了好几份
656,瓜子饱满，味道特别好
657,口感味道：口感好，很脆大家都喜欢吃。
658,包装好，干净，脆、香、老公挺喜欢的，吃完再来好评。
659,挺好的价格实惠值得购买
660,质量不错，粒粒饱满，给老人买的，老人说很好
661,非常好，颗粒饱满越吃越香。已经买过很多次了。
662,颗粒饱满，吃起来很香，价格不贵，很满意的一次购物。
663,非常好，多次购买了。份量很足，很饱满。
664,吃着还可以，但是有诱骗嫌疑，标的2袋，实际是一袋，下面选择项较多。
665,东西很喜欢，一年四季都在他家买，喜欢的不要错过
666,商品标题商家只说连罐重却没说净含量多少，满满套路，净含量只有毛重的58%左右，大家细品。
667,口感味道不错哦，要买的亲赶快下单
668,颗粒小，不像南瓜子，习惯好评
669,比我想象的更好，原味的瓜子好吃，香。
670,口感味道：货已收到了，东西很好，味道不错
671,之前买过，东西不错，这次买了满满一大箱，慢慢吃。
672,瓜子收到，非常好吃，多次回购了，以后继续回购。
673,商品分量：很小很小的南瓜子
674,这是第二次购买了，味道不错，不是很咸，吃完了再买
675,之前买的五香味，这次是原味还是觉得原味好吃
676,宝贝收到，己二次购，一如既往的好，吃完继续回购。五星好评。
677,瓜子质量好粒粒包满爱不释手
678,第三次买，老样子，妈妈喜欢吃
679,瓜子颗粒饱满，吃起来很香
680,超级好吃，这已经是第二次购买了，全家人都爱吃。味道好极了。
681,已多次购买憨豆熊瓜子和坚果，份量足，质量好，满意。
682,商品包装：很美观 性价比：非常高
683,还没吃噢，外包装漂亮，好！
684,不错的宝贝，优惠又好吃
685,很好满意，只是包装袋全部没有真空。
686,口感特别好，包装完好，斤重足
687,憨豆熊南瓜子已是再次购买了，很不错的！
688,很好吃价格实惠
689,宝贝刚收到开代吃了很香是新货五星好评。
690,东西挺好的，包装好！味道好！家人都喜欢！
691,香脆，颗粒饱瞒，偏甜
692,瓜子非常好吃，是新鲜的瓜子。
693,瓜子非常好，酥焦 香，吃完下次再购
694,香，蛮好吃的 饱满的颗粒 哈哈哈 吃完还会回购的
695,发货包装的很好，只是装瓜子的抽真空袋的口又开口了。
696,挺好吃的，用签到红包买的便宜
697,瓜子酥脆好吃，颗粒饱满，值得购买！
698,颗粒略小，味道可以
699,口感味道：味道好极了，原味无添加，值得购买。
700,口感味道：不错，包装完好，重量没问题，性价比可以。但原味比五香好剥。爪子大小一般，好评吧。
701,口感味道：口感好，新鲜 商品包装：包装好，自封口的，方便卫生 性价比：比超市便宜不且新鲜 规格重量：足斤足两
702,经济实惠，大众选择。
703,包装很好还抽了真空，还未开封。先给好评吧！
704,商品包装：很好 性价比：不错
705,第二次买憨豆熊南瓜子，吃完再买，香！
706,挺好滴，宝贝符合描述，满满都是正能量！
707,瓜子不错味道不错挺好吃！
708,东西不错，下次还购买，都喜欢吃
709,收到一大包，还没拆。先给个好评～
710,口感味道：蛮香的，也干净
711,口感味道：^非常好吃，
712,瓜子很好吃，已经买了好几次了，完了还来。
713,刚回来就打开吃了香脆可口好吃
714,瓜子收到，多次买他家的让人放心。
715,香的停不下嘴，刚刚又回购2斤原味的
716,弟二次购买，香脆颗大好剥。
717,好吃回购了！ 感觉原味比五香更好吃
718,味道不错，颗粒饱满。
719,记不清楚，是第几次买了，今天又下单买了8斤过年吃的，物流也非常快，很不错，以后就在你家买了
720,红包买的挺划算，足斤足两信誉好。下次还来。
721,口感味道：满意好评
722,不错，瓜子好吃，颗粒饱满，点赞
723,东西收已到用了挺好，下次还买！
724,可以不是特别大的瓜子满意吧
725,很好口感酥脆香，值得购买，分量足卖家发货很快下次还会继续光顾
726,同事都问我哪里买的，帮打了个广告
727,产品口感挺好，客服工作认真为客户着想给工作人员点赞.
728,宝贝我尝了，味道好包装好
729,味道很好，皮薄脆
730,非常好吃实惠
731,瓜子很香、实惠。很好。
732,很好吃，颗颗饱满，一直在回购
733,瓜籽质量很好，颗粒饱满，物美价廉，全5分好评！
734,口感味道：m满意
735,口感味道：还可以
736,此用户没有填写评论!
737,瓜子吃味好，壳较薄的那种，比较香
738,已经第三次购买了，挺好的，如果老主道在给些优惠力度就更好了
739,原味是咸的，热气，放两天再吃！
740,很好吃，很快吃完啦，推荐了给朋友
741,宝贝不错味道挺好的
742,包装完好无损精致，质量不错
743,不错，连皮都可以&yen;1吃掉味道特别好。
744,宝贝收到，不错，叉香又脆，吃完再买。
745,南瓜子好吃，好香，吃得停不下来。
746,南瓜子到货，看着不错，好吃
747,五香味很好吃，香脆略带甜味。
748,瓜子非常好吃，下次回购
749,此用户没有填写评论!
750,口感味道：不错
751,口感味道：不错
752,口感味道：好吃
753,很好吃，有点点咸味，很容易剥开！
754,已购买很多次了挺好吃的，我只认准憨豆熊！
755,瓜子已收到质量很我很满意快递也很快
756,回购了原味有点盐，但好吃祝店家生意兴隆哈。
757,好吃。香香的，饱满，干净，好剥壳。
758,买了原味的，真正的物美价廉！！
759,颗粒大饱满，很香好吃。
760,很好吃，很新鲜，值得购买！
761,好吃，颗粒均匀，全5分。
762,第二次购买了，味道不错
763,挺好，足量，脆，香，回购。
764,口感味道：好
765,好吃，包装也干净，利索
766,原味的，吃起来挺好的，味道香
767,味道不错，会继续回购的
768,不好意思，这几天没在家，确认收货晚了点，习惯好评
769,原味没有五香味好吃
770,好吃，好吃，就是好吃，己是第2次购买了，还会回购呦！
771,满意的一次购物，吃完再来，五星好评
772,瓜籽好吃，份量很足，不错。
773,瓜子特别好吃，超级赞！
774,第二次买了，味道不错。
775,一如既往的好，买了好多次J，这次比前几次贵了点。
776,味道不错，下次再买！
777,瓜子不错，有机会还买。
778,帮老姐买的，她说香好吃
779,还是比较喜欢原味的
780,东西不错，下次还买。！
781,非常好，良心卖家，多买几袋留着过年吃。
782,非常好吃，香又脆。
783,第三次回购，一如既往的好，吃完再买。
784,货收到就打开尝尝，挺好。需要时还来购买。
785,瓜子蛮好，这个品牌我已关注了。
786,老顾客了，每年年货都是在憨豆熊家买
787,好吃，方便味道不错
788,宝贝很满意，下次再购买。
789,味道不错，已买N次了。还会再来的。
790,不错价廉物美。吃完再回购再选点别的试试。
791,还不错，问道也还好
792,宝贝不错，值得拥有，卖家服务态度热情，谢谢！
793,好，比商场超市划得来
794,味道不错，挺好吃的，好评！吃完再来！
795,东西挺好，还会再买。
796,南瓜子收到 还不错哦！
797,已经第二次购买了，相当不错值得购买
798,原味的也加食用盐了
799,不错啊 很喜欢 味道不错
800,还行吧！满满的一大包
801,味道不错服务好
802,非常好吃，重量足一斤
803,南瓜子很好吃很香
804,吃完了再买，好味道
805,瓜子好吃，会再来的
806,宝贝收到，以经是第三次购买了意如记往的好吃
807,咸了点，喜欢原味的
808,这个瓜子还不错。
809,颗粒饱满，好吃！
810,挺好，蛮新鲜的。
811,全家人都喜欢吃，吃完还会来买。
812,第二次购买了。回家稍加工更香！
813,超级好，价格最优惠了
814,老家风味，好吃
815,味道不错，好吃
816,非常好，味道很好
817,不错
818,好评
819,太小，图片很大，说的也很好，差评
820,很好 第n次购买了 全5分好评
821,买的宝贝己收到了，谢谢你们了。
822,南瓜子很好吃
823,宝贝不错，味道很好，卖家发货快，物流也给力
824,瓜子挺香好吃
825,一往直前好。多次购了全五星
826,虽然小了点但是还是饱满的，不错。
827,好吃又饱满
828,憨豆熊南瓜子很香，值得购买。
829,真空包装，包装很好，好吃会再来的，
830,好大一包，还没开吃，总之还是满意，物流很快。吃了再来追评吧
831,重量有差异，骗人。
832,第三次购买了！家人很喜欢吃！
833,不错，颗粒饱满，挺好的好评。
834,此用户没有填写评论!
835,不吃，味道好，下次还会来买的
836,尝了一下，挺好吃的，挺大一包，而且不贵
837,多次购买了，又香又脆，满意
838,口味不错，物流给力，物有所值，点赞好评！
839,味道好，卖家发货快，吃完还回购
840,很好吃的东西，物流与服务也都很好，满星好评！
841,第二次购买了，好吃好棒，推荐哦
842,收到了，一包，挺饱满的。挺好。
843,味道不错，值得购买，已经回购两袋了，谢谢卖家！
844,味道不错👍
845,之前买过感觉很好，吃完再来买的
846,南瓜子好吃
847,南瓜子好吃
848,女儿喜欢吃
849,货真价实，味道不错，发货速度也很快，包装很好！
850,好吃多次购买还会再来
851,已经第二次购买了，很好吃
852,收到 还行
853,先买点吃着，过年前再来买
854,颗粒饱满，味正，值得信赖
855,好，包装也好
856,口味喜欢，颗粒饱满，发货速度快
857,价廉物美很满意，还会再来。
858,味道不错
859,质量还好
860,味道不错
861,口味好吃
862,味道很好！
863,东西不错
864,多次购买了，一如既往好
865,分量很足。
866,吃着不错。这次是回购
867,很好吃的  以后还会再买的  微咸
868,好吃，已经是第二次买了
869,相信一次购买还想下次
870,好吃非常喜欢  这是回购的  ！！！！！
871,挺饱满，也挺好吃的，好评!
872,回购买了几天了才评你好吃！
873,比别家贵两块，更不好吃
874,满满的都是爱，很香干净。
875,第二次买了，味道好极了！
876,瓜子非常好吃，很满意！
877,很好吃，已经买了n次。
878,已经买好几次了，很香
879,买了n次一如既往的好
880,非常满意的一次购物
881,收到发货物流快，多次购买。质量不错。
882,瓜子收到，挺好的，好吃。
883,好吃，好吃。好吃。根本停不下来！😬😬😬
884,好东西就是好东西值得购买
885,香，好吃，就是小颗了一点
886,很好，没有坏的，很好吃，还会再来光临的！
887,宝贝收到，老顾客也涨价！
888,看着不错，过两天再吃
889,虽然是晚到几天，但客服很好，很耐心解释，物物也收到了，试吃几粒，味道挺好，赞👍
890,已经是N次回购了
891,买好几次了，还可以
892,很好吃，又买了一次
893,太满意了，再次下单
894,店家售后服务态度非常好，值得肯定！还会回购！
895,南瓜子很好吃，价格优惠，春节前还得来备货。
896,很好吃买过2次了
897,好，好磕，还好吃，再买一袋。
898,此用户没有填写评论!
899,看见小吃起可以
900,速度很快，味道不错。
901,好吃停不下来，非常好吃。
902,很足很脆味道好满意
903,再次回购，好吃
904,非常满意 服务好 配送给力
905,已多次回购了，香！香！香！
906,挺好吃买了好多次了
907,好吃买了N多次了
908,南瓜子还可以蛮香的，好评
909,第二次买，好吃
910,非常满意，十分好评，推荐购买。
911,好大一堆，好吃不贵。
912,五星好评，还不错。
913,宝贝收到了，很好，第二次购买了！
914,很好吃，一直回购的
915,先好评，吃完再说。
916,质量没的说，吃的过瘾！
917,已回购多次了
918,老顾客了满意
919,宝贝不错，值得购买。
920,与描述的一致
921,第n次买啦啦啦啦
922,第二次回购
923,越吃越喜欢，推荐入手，给好评。
924,很好，量足。
925,己经第三次买了，吃上隐了
926,不错啊，五星好评！
927,买了好几包了，好吃😋
928,还不错，挺好吃的
929,此用户没有填写评论!
930,挺好吃的，挺大粒的，香
931,不错非常好吃
932,包装很好，很好吃。
933,回购多次了。包装完整，物流也快
934,最新的生产日期
935,还不错，买着囤着的
936,好吃，会继续买的
937,蛮香的还会回购
938,好吃的停不下来
939,还不错！很香，粒大，很满意！
940,多次回购
941,很好的瓜子，送货很块。
942,可以不错
943,还没有吃，习惯好评
944,很香，蛮不错的。
945,全五星好评！
946,质量不错，好吃，好评！
947,收到了很好吃
948,一如既往的好
949,吃着吃着也挺好吃的。
950,一如既往的好
951,应该还可以
952,一斤装挺好的。
953,壳薄，味道好
954,发货很快，隔天到，非常的好吃值得购买
955,此用户没有填写评论!
956,挺好的，谢谢客服及所有工作人员细心服务周到，同时也祝老板生意兴隆财源广进
957,此用户没有填写评论!
958,好评五分
959,不错好评
960,好评五分
961,很好
962,很好量很大
963,好评满分！
964,很香，很好吃
965,很常好吃
966,吃着不错
967,还可以！香！
968,味还可以
969,非常好吃。
970,很香   肉很实
971,吃着很香
972,一如既往。
973,非常不错
974,真的很不错
975,非常非常喜欢。
976,复够不错
977,挺好吃滴
978,味道不错，好评
979,包装得很好，好评
980,物流很快，包装也很好，质量不错
981,不错，准备二次购买了。
982,第三次购了，很满意！👍👍👍👍👍👍
983,已经多次购买了了。好评！
984,先习惯性好评。
985,很好。非常满意!
986,还可以吧
987,好吃物流速度也很快
988,刚收到~吃过来追评
989,很小
990,还没开封，吃后再评。
991,质量很好，值得购买！
992,第二次购买了
993,怎么只有250*1袋啊
994,很好，下次还来买。
995,味道好极了，非常满意。
996,竟然忘记拆开吃了。
997,价廉物美，还会再来。
998,质量很好！
999,第二次买了
1000,多次购买了
1001,买过几次了
1002,多次购买了，很好！
1003,购买多次了，很好！
1004,第二次买了，不错。
1005,第二次买
1006,第二次买
1007,此用户没有填写评论!
1008,满意，经常过来买。
1009,没有收到货哦
1010,收到，很满意！非常喜欢。
1011,可以！好评。
1012,还没有吃
1013,不错，多次购买
1014,回购的，很好。
1015,价廉物美！非常好
1016,不错，买了几次了
1017,很好！服务好物流也相当地快，好评！
1018,好吃，非常喜欢
1019,物美价廉，值得信赖！
1020,很好吃。下次再来。
1021,不错，好吃
1022,价廉物美！
1023,很满意！👍👍👍👍👍👍
1024,很好！物超所值！
1025,很好！物超所值！
1026,物美价廉，喜欢！
1027,瓜子包装完好，颗粒适中，口味很好微感带甜，有五香口味，松脆可口，是家中理想的小吃休闲食品，快递速度快服务好，老板人好，价格亲民实惠，还会回购。
1028,商品收到了，商家守信用，货真价实物流也很快
1029,很好，满意。
1030,很好，下次还会光顾
1031,性价比：瓜子第二次购买，味道很香而且容易剥。价格实惠，物超所值。 海苔酥脆美味，值得品尝。 葡萄干也很好，强力推荐此店铺。
1032,发货反应快，快递送到家。包装美观大方。口感一磕便开，不焦不嫩刚好。比较满意。给全五星好评！
1033,很好，很满意
1034,价廉物美
1035,还不错好吃中等大小，没有受潮的和坏的，份量够足价格不贵，有需要下次再来
1036,已经买第三次了，虽然说颗粒小，味道还不错，挺喜欢吃的，生产日期是19年11月25号，很新鲜的
1037,物流速度还蛮快的，生产日期是最近的，自带封口条包装，南瓜子颗粒饱满，酥脆，味道很好。
1038,标题上写两袋，实际收到是一袋瓜子，有些被欺骗的感觉。大小一般般，没看到大颗粒的瓜子。包装也不一样。差评！
1039,憨豆熊牌南瓜籽味道香酥，口感不错，性价比较高五星好评。
1040,口感味道：味道不错， 商品包装：包装很好 性价比：不错 规格重量：付合
1041,真空包装很好，但买原味为啥盐的呢？巴有点咸，一次只能吃二、三十颗，喜欢原味，颗粒不大，也不包满。
1042,第二次购买，颗粒饱满，好吃，可能本人饮食比较清单，感觉🈶点咸了（当然个人口味）
1043,南瓜子不但保装好，而且口味也不错，吃起来很香，下次还会回购的
1044,味道不错，香脆，个不算大也不算小，像以前家里种的那么大小，关键是实惠啊，吃完会继续买
1045,口感味道：好 商品包装：好 性价比：高 规格重量：足
1046,又拍了，瓜子不仅好吃，图案更招人喜爱，不同瓜子味道都好吃，一定要好评！满满红星！
1047,一如既往的支持，瓜子真不错，但这次没包装好，打开后不是密封的，那个卡扣没扣好，但不影响吃。 好评。
1048,第二次在这里买南瓜子了，味道好香，并且颗颗饱满，非常漂亮，还会再购。
1049,瓜子和我以为的大瓜子有偏差，收到的瓜子个头中等，但个个匀称，饱满。
1050,瓜子和我以为的大瓜子有偏差，收到的瓜子个头中等，但个个匀称，饱满。
1051,宝贝包装仔细，价格实惠，性价比不错。好吃一定会回购哒！
1052,性价比：口感好，颗粒饱满，价格廉，值得拥有，还会再购滴。
1053,习惯性给好评，可是这个标明大片的白瓜子确实小，吃起来味道也不咋香。
1054,不要我们评价，链接给我红星已经点满了，宝贝收到了，与描述的不太理想，就是普通瓜籽，不是什么大颗粒&hellip;&hellip;
1055,口感味道：口味纯正，颗粒饱满。 商品包装：真空包装，很满意。 性价比：性价比高，比市场上的价格便宜，下次还会回购。
1056,此用户没有填写评论!
1057,第N次购买了！味道很好，便宜性价比高！！需要的可以下手了！
1058,口感味道：一拿回来就马上开袋来吃了，宿舍几个同事一起，吧唧吧唧的，吃的正嗨呢😄吃货的世界，你懂不懂(=_=)嘻嘻(♡˙︶˙♡)
1059,宝贝跟描述基本相符物流发货都挺快，包装也很讲究，就是图片上讲的大瓜籽，发的还是小瓜籽。
1060,已经是买了好几次了，南瓜子营养好吃，妈妈说叫我继续买。
1061,规格重量：口感好，包装好，性价比高，量足，五星好评！
1062,我多次购买憨豆熊原味南瓜子颗粒大，味道好。
1063,口感味道：很好，有点点盐。 商品包装：挺实惠实用 性价比：相比较同类大片瓜子，性价比高 规格重量：足量。
1064,好吃又有营养，有点淡淡的咸味，口感挺好的，主要我喜欢他家的包装好看大气
1065,南瓜子又香又脆很好吃，也很便宜，性价比很高。
1066,南瓜子很好吃，这下没事看电视的时候可以吃了😂😂😂
1067,性价比：南爪了质量很好与描述一样的。
1068,明明买的是原味和五香，收到的是焦糖味儿，颠覆了我的五香味，买五香的考虑考虑一下
1069,香，脆还不错，不过颗粒一般大小。9.9元250克一般吧。
1070,一袋快吃了了才来评价真是太好吃了准备在一次购买个头不大但粒粒饱满味道也非常不错值得拥有点赞
1071,口感味道：好 商品包装：好 性价比：好
1072,宝贝是我期待的，良心商家和描述相符，今天收到货马上品尝香脆，可粒胞满比我之前在山里情一家买的满意，希望商家一如即往保证质量，生意越来越兴隆，下次继续购买贵店商品，还要介绍亲朋好友买。
1073,南瓜子收到了，第1次在他家买南瓜子，立马试吃了一下，味道还是不错的，好评
1074,不错的 日期新鲜 价格实惠
1075,口感味道：特别好吃家里人都夸所以买了好多慢慢吃吧
1076,开心果很实惠的，2大罐呢，好吃又实惠！
1077,南瓜子不错，没吃到坏的，还是不错，值得拥有！
1078,宝贝味道不错，包装我喜欢，出门带着方便，好评！
1079,这家的南瓜籽很好，香脆，妈妈很喜欢
1080,好吃，新鲜！已是第二次回购&hellip;&hellip;吃完一包才想起拍照！
1081,包装严实，瓜子颗粒饱满，好吃
1082,口感味道：颗粒饱满，酥脆，味道很好。
1083,口感味道：口感好  新鲜 商品包装：包装精致 性价比：性价比高 规格重量：份量足够
1084,颗粒不太大，瓜子皮薄有原香味，还可以！
1085,吃的收到 还没吃 包装盒高大上 吃过再追加
1086,干净！味正！点赞！就是不肯送货上门！物流差！
1087,我是个忠实粉丝，好好，每次都买这么多，大爱呦
1088,口感味道：很好👌 商品包装：好
1089,味道很好吃，重量也够，大家放心购买
1090,货已收到，打开一包五香的，颗粒小还疪，炒的过火了，一嗑皮都烂了，甜味太大，购买一次再不买的东西。
1091,已经买过六次了，确实好吃，很香，一吃就停不下来，吃完还得回购
1092,颗粒有点小，不过味道不错，皮薄，香脆，快递很快，服务很周到
1093,给家里人买的，老人和孩子都说好吃，我回家也尝了一下，南瓜子我一向是带壳吃的，味道确实不错的，赞一个。这个份量性价比高，快吃完了才来评价，顺便下单再买几包。
1094,与描述不符，不饱满，外壳包不下来。炒过了，有点焦糊。
1095,南瓜子收到，已多次购买，还没有吃，希望和上次一样好吃，好评
1096,好吃好吃，价钱优惠，我赶紧又下单买了过年吃。😊😊😊👍👍👍
1097,口感味道：香脆适口 商品包装：完美 性价比：高 规格重量：合适
1098,粒粒饱满，好吃的停不下来
1099,瓜子收到，怎么是1袋，明是500gX2袋，这样骗人吗？
1100,味道不错，上班消磨时间最是好物😝
1101,口感味道：还行 商品包装：包装完整 性价比：高 规格重量：足斤
1102,买了好几次了 味道不错 火候掌握得很好
1103,非常好，皮薄买元味的很香，再次购买
1104,口感味道：挺好 商品包装：很好 性价比：还可以 规格重量：这个要说一下了，你主题上是500gx2包（真的没必要这么标注），但实际收到的是一包500g，希望诚实守信，挺好的宝贝，没必要玩这种噱头和消费者开玩笑，没什么大问题，希望商家越做越好！
1105,宝贝收到，物流很快，瓜子干净，颗粒饱满，口感不错，客服服务态度很好，还会关注的。
1106,第一次买他家的，瓜子可以，后来又买了猪肉脯，不太喜欢，偏干，他家瓜子没话说，便宜好吃
1107,南瓜子收到了，包装好方便保存。大部分颗粒饱满，口感可以、但不是&middot;特别香的那一种。
1108,南瓜子味道不错，少发了，客服能及时处理好评
1109,已收到货品，很干净很好吃，物有所值，谢谢啦！
1110,质量不错，口感不错！消磨时光的好伙伴
1111,包装很漂亮，瓜子香，脆，好评。
1112,口感味道：棒 商品包装：拉链包装，方便 性价比：超高 规格重量：👌👌👌
1113,瓜子收到很好吃很方便正宗
1114,宝贝收到了质量很好
1115,口感味道：不错
1116,包装真的好差劲，两包都是烂的，洒在盒子里到处都是，早就回潮了，根本剥不出肉。
1117,还不错 没有仔细看页面详情 还是喜欢小包装的 吃起来方便 口感还不错 也不是很大的颗粒 好在是能封上口的包装
1118,南瓜子很好吃，包装精致，经济实惠。
1119,颗粒饱满，非常的好吃哟
1120,挺好的，味道不错，颗粒大，满意。
1121,不错，孩子说好吃。开心，还会再买的！
1122,跟上次买不一样，碎的太多了！物流太慢了，五号下单十五号才到！
1123,宝贝昨天就收到了，拿回家就迫不及待的打开尝了尝，味道挺好，而且颗粒饱满，是大颗粒的南瓜子，家人都喜欢吃，等吃完还会继续购买的，给商家点赞。
1124,已经买了好几袋了，太好吃了，很香，没有坏的。
1125,口感味道：正正宗原味 商品包装：独独立小包装，很好 性价比：价价格适中
1126,好吃😋，腰果挺好🤗
1127,南瓜子收到了，快递快，打开一看，真的很不错
1128,南瓜子很不错哦，大粒又香脆，很好吃，下次有需要还会再来的。
1129,亲宝贝已收到，五香的和原味的口味都很纯正，好货
1130,货拿手才发现下错了味道，晕死，钟爱原味，不喜欢五香味的，送人了😂
1131,口感味道：好 商品包装：好 性价比：高 规格重量：好
1132,南瓜子香特好!
1133,第二次购买了，一如既往的满意！
1134,网购南瓜子五六年了，最不满意一次，分明是小颗粒且太小不匀，包装也不同图示。拜了！
1135,多次买的你家瓜子，每次都很好，这次更香脆，希望继续保持质量，保质保量，紧紧抓住回头客。
1136,我买的原味，好吃，很香很脆，容易剥壳，质量杠杠滴！ 口感味道：好吃，很香很脆，容易剥壳，颗粒饱满、大颗。 商品包装：包装精美。 性价比：高！ 规格重量：500克.
1137,果粒并不大
1138,好。个个饱满。
1139,简直就是骗子，图放两袋，标明500克，实发一袋，对我这大条来说就是挖坑让跳😓😓😓
1140,看上去挺好，还没拆开吃。
1141,口感味道：口感纯正火候正好，是我想要的。
1142,很好，两层包装，里面是真空包装去，快递也满意
1143,口感味道：很好 商品包装：精美 性价比：较高
1144,味道不错
1145,包装完整，性价比不错。还没吃，口感不错知道，外面看感觉好。五星好评
1146,挺好的，份量足的，就是还没吃
1147,南瓜子收到，还可以，颗粒饱满，原味是我喜欢的好吃，吃完了再来买。
1148,味道很好，快递很快，两天就到了
1149,挺好吃，包装好，值得买
1150,颗粒一般有大有小，味道可以较新鲜，第二次买了，实话实说
1151,瓜子己到，口感还不错的香脆，独立包装很卫生方便，好评
1152,货已收到了谢谢快递小哥辛苦了，南瓜子质量很好我非常满意，已吃了，爪子味道不错，下次还会再来买的。
1153,描述原味南瓜子500gx2袋，收到是500gx1袋，描述与实际不符。商品质量还行。
1154,个粒饱满，火候刚刚好，我要的原味的，吃到嘴里香香香，会回购的。
1155,不错，单位的大吃们都抢着吃
1156,包装很好，南瓜子买了好几次了，好吃，味道不错的，吃完下次还会回购的，五分好评。
1157,味道不错，真空包装，性价比真的高愿憨豆熊越做越大好评
1158,纯粹属于骗人的，标价格500✘2但是只发一包，问客户，她说250✘2.劝你不要买这家货，忽悠人！我发原图大家评价。
1159,好吃，多次购买
1160,这款瓜子只能算中等大小，哪算大瓜子，吃了挺香的，瓜子壳薄，就是瓜子不算大，这个价格有点贵
1161,第二次购买了，双十一期间物流也非常快啊！宝贝更是好吃！做活动买的价格也实惠。一定好评！
1162,挺好的，瓜子个头大，味道也好，很新鲜
1163,东东口感、味道不错，包装带自封条很贴心方便，价格很优惠。第二次购买了😊。好评！物流服务给力。好评！
1164,此用户没有填写评论!
1165,好吃，原味的，有点淡淡的咸味，挺好！
1166,买了好多次了，好吃
1167,憨豆熊五香南瓜子质量很好也好吃，时间也是最新的日期，下次还会再买的。
1168,瓜子一般吧，我也不知道是不是新货，到时一点香甜味都没有
1169,"虽然小点，但是粒粒饱满,颗颗新鲜,份量也足。好评"
1170,颗粒大小合适，味道原味略带咸。可以可以的！
1171,宝贝与描述相符，客服态度好快递服务态度好
1172,第二次来，南瓜籽饱满。原味要是不带盐味就更好了。
1173,口感味道：可以 商品包装：正 性价比：高
1174,颗粒有点小，和当地价格大小一样，凑单的
1175,已经吃光了
1176,再次购买，货优价美，不错
1177,这次购买没有上次的南瓜子大，味道不错，吃完了考虑是否还会光顾。
1178,很好吃，很香，超级值的！很满意！
1179,南瓜子原味好吃颗粒大下次再光顾本店
1180,南瓜子收到了包装完好无损物美价廉，还没有品尝先给好评祝厂商生意兴隆财源茂盛好评送上！❤️❤️❤️
1181,爪子饱满香脆，价格实惠！
1182,我订的是大粒瓜子，发过来结果是小粒，不过吃着挺香
1183,南瓜子收到了，扯开马上吃了，味道还行，瓜子不大一般
1184,上当了，标题是500克*2实际上是只给500克，这么贵，只能说怪自己没看清楚。
1185,这家店会玩儿游戏文字。小心上当。快过年了，不多说了。
1186,瓜子不错基本上没有坏的，我是老客户了，希望你们一如既往做的更好。恭喜发财。
1187,此用户没有填写评论!
1188,毛重500克，味道不错，颗粒饱满，习惯好评！
1189,双十一买了袋，吃着好吃，饱满很香，马上第二次来买了。但价钱贵了一块。
1190,规格重量：我购买的是原味大颗粒的而你发来的是原味小颗粒的老板做生意要讲诚信。像这样还有人去你店里买东西西吗？
1191,可以
1192,脆、香、颗粒偏小五香味的略偏甜
1193,不是今年的新瓜子，一点都不香，不知那好评是怎么得来的，有的还是霉的，真心不敢吃，容易致癌的
1194,今天拆开吃了，品质真不错，大颗粒，分量足，香。必须好评！
1195,明明买的原味大颗粒，怎么发来是普通小颗粒呢？怎么欺骗顾客？
1196,好吃😊
1197,味不错
1198,还不错
1199,南瓜籽很好吃，是我喜欢的味道，一拿到货，全家都开始吃了。
1200,刚拆包还没来的急吃。
1201,南瓜籽很香，脆，物流快，值得购买
1202,口感味道：鲜脆，实惠，货真
1203,瓜子比较饱满，火候掌握较好，香而脆。开袋搁一天再吃更好。
1204,不错，很好吃～香香的。回回购的
1205,原味南瓜子有一点点咸味，很香，口感不错
1206,以多次购买南瓜子了，南瓜子很香包装很好，足斤吃完继续购买。
1207,好吃。
1208,明明是500gx2袋原味大颗粒，发2袋却只发1袋，是诈骗客户还是？
1209,瓜子味道好，大小合适，非常好吃，下次在回购
1210,我订的南瓜子是2包500g，结果发了1包250g，我把情况反映给客服，客服查后，确实少发了，立即给我补发了1包250g。在此，我要感谢这位负责的客服。
1211,个头很大，且均匀，香酥脆，好吃。
1212,这个我很满意啦 不是很咸而且都很饱满的 感觉过年的时候可以买
1213,宝贝，口感非常非常的好，商标也好，价格也不贵，非常非常的饱满，
1214,口感不错，两个口味各有千秋。快递也很及时。现在快递都不送家了，所以勉强给了四分。
1215,实实在在的大颗粒，老婆说这是我买的最好吃的一次！
1216,发货慢，瓜子还行，包装袋不好打开就再也合不密了，锁口条不合
1217,瓜子已经收到，看着还可以，还没有吃，先好评！
1218,粒粒饱满，宝马。香脆好吃。
1219,1.瓜子太小。2味道不怎样。3价格高了。
1220,味道还可以，但是一袋包装不好，漏了一半出来
1221,南瓜子非常饱满，口感也很好。
1222,瓜子已收到，吃了几颗味道还可以，就是瓜子太小了。
1223,五香的不好吃，香精放大多了。不满意。
1224,"瓜子质量非常好, 描述相符, 物流服务快又好,包装好,全面评价5分."
1225,味道不错，没有坏的，一分价钱一分货，吃的还是选好点的好，满意。
1226,味道不错，没有坏的，一分价钱一分货，吃的还是选好点的好，满意。
1227,味道不错，没有坏的，一分价钱一分货，吃的还是选好点的好，满意。
1228,南瓜子味道不错，颗粒太小。
1229,发货发错斤秤了，补发快一个星期了还没到家呢。你说气人不。
1230,这是第二次买了两种口味，第一次吃到好吃就收藏了该店铺
1231,"店家有点带忽悠的，标题上说是500gx2的，发出来才500g,这样比外面贵多了，吃起来也不怎么样，反正是最失望的一次购物，差评!"
1232,南瓜子收到，味道不错，香脆可口，下次还会光顾！
1233,不是大粒瓜子！
1234,原味的颗粒还行没有坏的
1235,挺好的，比我家种的好吃
1236,收到打开吃很香，一小包一小包吃起来很方便，不错不错吃完了在回购，物流也很快给五星好评
1237,口感味道：好味道。 商品包装：真空包装很好。
1238,南瓜子收到了口感味道很好
1239,南瓜子味道不错，吃完下次还会购买。
1240,味道不错，果粒饱满好评
1241,瓜子饱满第一次在淘宝买还可以给卖家五星好评
1242,南瓜子很饱满，口感也很好
1243,上次是2份原味，这次是原味五香各一代，五香的是真香，真不错，点赞。
1244,价格挺实惠的，但是瓜子个头好小，物流也还挺快速
1245,混淆视听，一会500g一会两袋一会一袋一会250克的
1246,瓜子较小，没有图片上说的那么好，一般般
1247,物美价廉，经济实惠，粒粒饱饱滴，发货快！
1248,没有第一次买的好，此次略有陈味瓜子，请改善，谢谢！
1249,原味是不加任何配料，这南瓜子不叫原味
1250,颗粒饱满，口感极佳，全五星好评
1251,不好，小小的，味道一般
1252,办公室同事吃了都说好，她们说也要在这家店买点吃。
1253,味道不错，就是显示大瓜子不是太理想。
1254,货已收到了谢谢快递小哥辛苦了，瓜子很好吃非常满意，巳买了第二次了，吃完还会再来买的。
1255,粒子中等，口味还行
1256,口感味道：非常满意的购物，再次购买
1257,尝试了南瓜子的味道，还不错，吃不完了再买
1258,不错，颗粒很大很饱满，老爸喜欢，又回购了一包
1259,憨豆熊南瓜子颗粒大，香，饱满，好。
1260,瓜子的味道不错，价格实惠，赞一个
1261,瓜子不错原味瓜子吃出盐味来不知何故
1262,南爪子小但饱满可惜吃囗不香
1263,瓜子还行，就是二袋五香的给我发了一袋
1264,口感味道：还不错，吃完继续购买。
1265,瓜子比较饱满，就是有点小贵
1266,包装和图片的不一样，不过口味不错哦！
1267,五香的不像五香的，难吃的很，原味的还行
1268,骗子商家，请大家擦亮眼睛。他们用大字标500g✖️2。然后用小字在标250g发货。谨防上当。
1269,虚假广告分量不足
1270,味道不错，就是太小了，不是大颗粒
1271,瓜子收到了，颗粒不小，吃着挺香的。
1272,和描述的不一样，瓜子有点小啊。瘪仁的瓜子也很多。
1273,口感不错，挺香的。包装严密，自封口。
1274,颗粒饱满，整齐。
1275,买给孩子打虫吃的 质量可以
1276,一袋嗑完了都是我自己一个嗑的。好吃到停不下来了，也不会很咸 香香的
1277,总体还不错，重量没有去称不知道。
1278,南瓜子收到了。味道香。也很干净。
1279,原味，很好，比较整齐，又买了
1280,不错，值得购买。
1281,瓜子还不错，新鲜，有大有小
1282,味道一如既往的好，已经回购四五次了是的
1283,很好的一次网购，瓜子好吃看得见，五星好评
1284,这南瓜籽很饱满，我买的是五香的，个人觉得太甜了一点点，别的都挺好的，快递也很快
1285,建议买原味的，五香的不好咳。
1286,吃完了还没拍照，味道不错挺香的。好评一下，
1287,说是原味的，为啥吃了觉得有咸味的。
1288,南瓜籽挺好吃的，颗粒很饱满
1289,分量很足，香酥。
1290,口感味道：不错非常喜欢吃
1291,买的原味发成盐味的，不过还算好吃，吃完再来。
1292,单独小包装，好存放，口感很好
1293,宝贝很好吃，就是吃了的多喝水，越吃越好吃，吃的停不下来。吃完还买。
1294,味道香，划算，好评
1295,这个南瓜子很好吃的，第二次买了，吃完了还来
1296,上面写的500*2，我只收到袋。另粒太小，不符描述。差评
1297,好吃，包装高大尚。满满一大包。
1298,口感味道：口味不错！
1299,包装精美，还没吃，应该不错！
1300,南瓜子很香很饱满，会回购
1301,很满意，好评。
1302,好评！
1303,很好，
1304,瓜子质量好，同图片一样。
1305,包装完好。味道可以。但大颗不大。好评
1306,包装很好还没有打开不知道怎么样。
1307,老客户啦，还推荐了很多朋友，还来买哦😊
1308,还没有吃，看起来挺好的。以后好了再追评。
1309,老客户啦，还推荐了很多朋友，还来买哦😊
1310,老客户啦，还推荐了很多朋友，还来买哦😊
1311,比较贵，不划算！
1312,味道不错，但颗粒很小！
1313,说的是500克&times;2，结果是500克一包。味道很不错。
1314,南瓜子又大又饱满，很香。
1315,味道挺好，就是颗粒小！
1316,味道不错，太小，不值这个价
1317,口感味道：、新鲜，很香，好
1318,味道不错就是价格不便宜呀
1319,香脆，细￼￼粒，一般。
1320,货已收到。量足。还没有开始品尝。等品尝了再追评。
1321,颗粒太小，味道不错。
1322,老顾客了，颗粒非常饱满，还会光顾的
1323,没有吃，还没有开，不知道口味，以后追评
1324,口感还行，就是小了点
1325,虽然不是很大，也还可以。口味不错
1326,瓜子味道脆香，我又买了！
1327,可以，已经第二次购买了，价格超值！
1328,此用户没有填写评论!
1329,还没开包，但这家店老顾客了希望还是以前那样好。
1330,颗粒一般不算大
1331,买过很多次了，南瓜子不错，很好吃！！
1332,非常合我口味，一辈子就你家店了！
1333,味道很好，第二次买了，刚刚又下单了！
1334,颗粒饱满，没有坏籽，还会回购
1335,口感味道：特香好吃
1336,收到几天了，看是500gx2袋。结果收到就一袋。10多块得一斤。太可笑了。
1337,收到，个人感觉还是原味的好吃
1338,口感味道：脆而香！👍👍👍👍
1339,你们这个上面是500克，两袋发货过来只有一袋，你们这种手段也太高了嘛。
1340,挺好的经济实惠！
1341,挺大颗的，也比较好剥！味道不错！
1342,已经买了好多次了，质量好，原味也好吃，下次还来
1343,宝贝收到啦，，，，味道不错不错的，，
1344,分量少，不建议买
1345,这瓜子真美味
1346,一般，脆得几乎很难剥完整。
1347,一般般，颗粒较小
1348,口感味道：很好吃的！
1349,挺好，特别酥香
1350,好吃，大粒干燥
1351,没试味道，就打算过年瞎吃吃的！
1352,第二次购买，还行，价稍高。
1353,好吃又实惠
1354,满满一大箱，还没吃，包装挺好的。
1355,籽粒饱满，很香
1356,真心好吃，我很少评价下次一定会在卖喔
1357,不是大瓜子，一般
1358,粒小，味道一般
1359,好小哦，干吗要说成大颗粒？
1360,味道不错 好吃 下次再买
1361,第三次购买了挺好吃的，不过这次买的没上次大颗，好评好评
1362,份量足 。物流快 好吃。我买的五香的。五香味挺侬的。吃完再买原味的
1363,非常好，个头不小，干净。
1364,口感味道：好吃
1365,口感味道：很好
1366,口感味道：不错
1367,一次愉快的购物，比我想象的好，想买的可以入手
1368,南瓜子几收到非常滿意。￼
1369,价钱变高了，瓜子变小了
1370,味道不错，口感好，快递不错，以后再买。
1371,瓜子好很好吃很香。
1372,口感味道：香脆
1373,瓜子质量很好
1374,性价比：：宝贝不错
1375,挺好的五香南瓜籽，给五星好评
1376,味道不错，吃了一把，没有坏的
1377,南瓜子收到了，第二次购买，非常满意，
1378,非常好吃，干净，香脆
1379,味道不错，下次还会买！！！
1380,南瓜己收到是烘焙，香味
1381,今天南瓜子收到，真的好吃
1382,我要的大颗粒，收到的是小颗粒。
1383,宝贝挺好的，已经第二次购买了。
1384,规格重量：不错，挺好的
1385,香，口感忐好，决定回购
1386,已经回购好多袋了，真心好吃，忠实顾客
1387,还可以，原味，价格也不贵。
1388,小包独立包装很好，很脆很香。
1389,此用户没有填写评论!
1390,味道还不错，没有坏仁。
1391,口味一般
1392,宝贝收到了。很好吃。吃的停不下。下次再来购买。
1393,原味的很好，五香的差评
1394,不是大颗粒，有点小
1395,一如既往地好 下次还来 全5分好评
1396,多次购买 一如既往地好 全5分好评
1397,跟图片的包装都不一样
1398,味道还可以，五香味的容易嗑碎。好评。
1399,不错，味道好。瓜子再大些更完美了。
1400,粒张大，味香趣，好吃呀！值得再次拍。
1401,这瓜子沒的说，我是多次购买了。
1402,产品还行，我们还喜欢吃。
1403,多次购买，味道不错。
1404,味道纯正，值得购买
1405,多次购买，味道不错
1406,第二次购买了，味道不错，很好。好评，准备第三次购买
1407,宝贝非常好吃，下次在来。
1408,瓜子收到了，但是还没吃
1409,买了个原味的，飞过来个盐的
1410,不知味道如何，还没偿。
1411,快吃完了，味道可以
1412,很香很脆很新鲜，没有坏仁，良心卖家，诚信的老板，好评！
1413,第二次购买了 不错的 准备双十二再囤货
1414,味道真心棒，好吃😊
1415,口感中等
1416,香、饱满，价实惠，发货物流快，好评。
1417,客服不错，处理漏发少发很及时。客服是店铺的门面，每个想发财的老板都应该知道这点。
1418,味道还不错！给五星！
1419,好吃，香香的，小时候的味道
1420,南瓜子好香，好大一包
1421,此用户没有填写评论!
1422,挺好吃的，家里人很喜欢，再次买了好多
1423,真的很好吃，颗颗饱满。真的很好。
1424,感觉瓜子仁有点小
1425,给别人买的，收到了，粒大，味道香，不错。
1426,还没吃，看起来不错
1427,宝贝颗颗饱满，没有坏的，好评
1428,一般，不怎么好吃。
1429,感觉没以前一斤的好，这次可多碎的
1430,货干，好吃，足量。
1431,不错，实惠，买了好多
1432,说是原味的，根本不是原味的
1433,估计得补货，已经被我消灭一部分了。
1434,味道不错，挺好吃。
1435,味道不错，挺好吃的
1436,南瓜子很香好评
1437,第二次买了哦，好好吃，连壳都可以吃
1438,颗粒不大，骗人。
1439,买的大颗粒但不大
1440,无良商家，少发量，还不承担责任，利用的是文字漏掉和他们网页设计的骗术，大家不要相信
1441,个头真的好小好小
1442,挺好的颗粒也大
1443,挺好的抽真空包装
1444,很好听
1445,不是真正的南瓜子
1446,给妈妈买的 应该不错
1447,广告宣传与实物不符、有勿扰行为。
1448,N次回购了，质量仍很好，好评！
1449,收到了一袋500克，17.8感觉有点小贵。
1450,还行，比想象的少
1451,南瓜子很好很香
1452,宝贝非常好，吃了在来。
1453,瓜子非常好吃、
1454,不错
1455,好评
1456,瓜子片大，味正。
1457,挺好吃的原味
1458,第二次购买了，一如既往地好！
1459,真香！家人都爱吃！买了十多包了！
1460,颗粒并不大
1461,瓜子颗粒饱满，值得购买
1462,美味好吃还要会再买.发货快，服务好
1463,很好吃的很饱满
1464,这瓜子越来越小的
1465,很好，不错，朋友吃了，也要链接去买了！
1466,还没吃，应该不错吧，留着过年吃。
1467,多次购买。吃完再来，给5分
1468,味道不错，质量好，还会回购的，好评。
1469,南瓜子好吃：
1470,很满意的一次购物，瓜子好香，物流快，服务质量优。好
1471,很好吃，干净，已多次回购。
1472,没吃呢看着不错先给个好评
1473,南瓜子好好吃
1474,己第二次购买了，好吃，赞赞赞👍
1475,宝贝收到啦，，，追评吧，，。。
1476,再次购买了。包装的很好，物流边很快。
1477,瓜子品质好，物流不给力，太慢了！
1478,真好吃！很香！喜欢！
1479,今天开了一包五香味的，还不错
1480,口味还纯
1481,味道不错
1482,味道不错
1483,味道不错！
1484,味道不错
1485,味道不错
1486,味道不错！
1487,不错，发货特别快，真没想到双十二也能这么快就收到。
1488,一星都不想给。拍的500克。发的250克。竟然还说是人家快递员吃了。遇到这种商家，我也是醉了。自认倒霉吧！
1489,就想买带壳的，确实是的，好吃好评
1490,瓜子不错
1491,好吃好吃，已购多次了，吃完还买
1492,很喜欢，看电视嗑瓜子，哈哈
1493,好吃，干净。下次还会买
1494,宝贝不错，味可以，好评，
1495,多次购买力挺给5分
1496,不错，份量十足，还没吃。
1497,非常好，个大，香，全五星好评！
1498,小包装，很方便。好评。
1499,香香的，很好吃！越吃越爱吃。停不下来
1500,包装不错，挺干净，味道不错
1501,收到了，非常实惠
1502,买了好多次，好吃不上火
1503,好吃好吃下次还会来买
1504,还行吧，有点小，不太好嗑
1505,一点都不好吃 糊糊的 好难吃
1506,多次购买，不错的选择。
1507,很满意下次还要买
1508,非常饱满，很实惠，下次再来！
1509,好吃价格美丽，物流很及时
1510,今天玫到货了，和上次买的一么一杆。
1511,蛮好的吃的 很香 吃完会再来的
1512,真心是不错！吃完再来！
1513,斤两准足，质量上乘，公平买卖，老少无欺，好评！
1514,收到了，好吃，味道不错
1515,还可以，不是理想的那种
1516,不好吃👎破的，瘪的太多了。
1517,应该不错，还没吃。吃了追评。
1518,描述有欺骗嫌疑。
1519,干净，口感好，好评！
1520,网上挂价与实际不服
1521,购买好久次了 很好吃
1522,买了好多次了非常好吃
1523,第二次买~很好吃~
1524,多次购买了，很满意的！
1525,第二次购买了好吃
1526,香，酥，好吃，可以买
1527,没有第一次买的好，
1528,第二次购买，好吃
1529,第一次买，挺不错的
1530,宝贝收到收到
1531,粒大味好、值得购买
1532,很好，皮薄，很香。
1533,我常买它而且还替别人购买！
1534,很满意，第二次买了，以后还来。
1535,还可以，没有想像的大
1536,没坏仁，但不是很香。
1537,好吃，所以回头又买。
1538,好。我经常买这个吃。
1539,还可以，就是有点咸
1540,多次回购，好吃
1541,货已收到，很满意，满满一大箱，下次会再来
1542,挺好的二次购买了
1543,第二次买了好吃
1544,挺好吃的，买了好几次了！
1545,好吃，已买几次了。
1546,不是说500克乘两袋的吗？怎么就一袋
1547,再次购买，好吃。
1548,再次购买好吃。
1549,挺好的，比较饱满！
1550,还可以，有点小贵。
1551,过年吃了才晓得还没开苞。
1552,还可以，好吃的，很香
1553,还好就是粒小了点
1554,快递不联系客户直接送自提柜。
1555,好吃一直信赖你
1556,不错，好大一包味道很好
1557,味道不则么样，快递也慢
1558,包装的很好，满意。
1559,好，回购多次了
1560,还没吃，吃了再来评论！
1561,拍了好几袋，好吃，推荐入手，好评。
1562,还没吃，应该很好。
1563,一直买他家的 挺好。
1564,特别好！还会购买
1565,己购了多次，瓜子干净味香，商家诚信，发货及时物流也很快，好评！好评！
1566,味道还行，包装不错，客服不错，好评
1567,不错很香好吃，
1568,瓜籽味道很好吃，快递也很给力
1569,未拆开试吃，感觉不错，满意。
1570,味道好，装不错
1571,好吃 值得购买
1572,很香，非常好吃。
1573,还没吃看着还行吧
1574,快递太差，一波三折才收到
1575,不好吃，只脆不香。
1576,经常购买，好吃。
1577,总的来说挺好的，不错，好吃，干干净净
1578,垃圾快递，直接扔在自提柜
1579,非常好吃。喜欢，值得入手。
1580,黑心商家，500x2，就发一半，望消费者提高警惕不要上当。
1581,来好几次了，好吃推荐，好评。
1582,可以不错
1583,标题显示500克x2 实收250克1包
1584,还可以吧，有碎的
1585,五香味的太甜了
1586,干净，很好吃。
1587,挺好吃哒，好评哦
1588,没有买家介绍的大颗粒。
1589,一如既往的好
1590,特别满意！👍👍👍👍👍👍
1591,一如既往的好。
1592,吃着还可以。
1593,好吃。还会来
1594,一如既往的好！
1595,宝贝收到，非常喜欢。感谢！
1596,很满意。已经多次回购了。
1597,南瓜子蛮香的，好评
1598,好吃也非常满意！
1599,颗粒饱满，很好
1600,味道好极了
1601,味道好极了
1602,不好，太小！
1603,物流很快服务很好下次再来光顾。
1604,好吃不贵
1605,好吃，味道好
1606,好吃，很香
1607,很香很好吃
1608,瓜子很好吃，店家的服务态度很好，会继续回购
1609,此用户没有填写评论!
1610,不太好吃
1611,非常好吃
1612,吃完再来
1613,此用户没有填写评论!
1614,非常好吃
1615,非常好吃!
1616,产品不错
1617,非常好吃
1618,好吃，可口。
1619,来个好评！！
1620,希望商家的标题不要忽悠人
1621,还没开吃不知怎么样
1622,好吃，太好吃了
1623,严重误导消费，差评！
1624,还可以吧
1625,东西好，喜欢
1626,此用户没有填写评论!
1627,已买第二次了
1628,第二次购买了
1629,第二次购买了，很好！
1630,产品质量好，发货神速，好评。
1631,习惯性好评
1632,宝贝很好，发货很及时。
1633,还没有吃，吃了再评价
1634,非常不错，物有所值，值得信赖！
1635,多次购买了
1636,第二次买了。
1637,屯着慢慢吃
1638,多次购买。
1639,多次购买
1640,发货很快，好好吃，好评，吃完还在你家买。
1641,很好，这个是回购。
1642,买了三次了，
1643,不错，非常好，下次还会光顾
1644,完好收到，谢谢！很好吃~
1645,多次购买，赞！
1646,很好吃，份量够，物流快
1647,非常好的，谢谢老板！
1648,宝贝收到，非常喜欢！！！
1649,口感好，快递给力！
1650,不错。很香。买少了
1651,还没吃，吃了再评
1652,好吃，非常满意！
1653,不错，好吃，还香
1654,好吃，非常满意！
1655,挺好的，多次购买了，好评！
1656,挺好的，多次购买了，好评！
1657,物流快满意
1658,物流快满意
1659,第二次购买，好评
1660,很好！点赞！👍👍👍👍👍
1661,不舍得吃，
1662,收货没吃
1663,收到了，还不错。
1664,没啥问题
1665,没啥问题
1666,非常喜欢，这个产品
1667,很好，多次购买
1668,宝贝收到，满意。
1669,还行吧，好评。
1670,好评，吃完再回购
1671,收到，很好！
1672,很好，挺香的。
1673,非常不错，很好
1674,货已收到，包装好，物流很快，好评。
1675,很好，回头客
1676,物美价廉。非常满意。
1677,店家服务太好了👍
1678,不错，好吃
1679,好吃，喜欢
1680,货真价实，物美价廉！
1681,物美价廉！
1682,非常满意！
1683,这是大颗粒的吗？和别人家的小颗粒一样一样的东西。就是味道还可以。和一角硬币放一起就可以看出大小了。
1684,宝贝收到，非常满意
1685,不错，物超所值。
1686,很好！物超所值！
1687,很好！物超所值！
1688,很好！物超所值！
1689,很好，满意！
1690,买了有6斤的坚果，感觉被坑了，一斤额东西硬要分两个罐子来装，而且罐子都有3两重，特别特别的重，一罐东西而且还不满，又碎，完全是卖罐子，呵呵！你们要买的可要看清楚了。
1691,性价比：味道好吃，很香，新鲜，小时候的味道，颗粒中等，包装好有封囗，比外面买的好吃价又便宜，吃完后要想吃就买你家。
1692,很满意。不错
1693,宝贝跟描述基本相符，原味盐炒的以为有点咸，但是基本上吃不出什么咸味，颗粒大小不是很均匀。五星好评吧
1694,物美价廉
1695,物美价廉
1696,包装不错
1697,怎么说呢，拍了三样东西，两样带包装才勉强够重。南瓜子网页上标的是净重，实际却不是。不想交涉退货，勉强好评。
1698,口感味道：好吃 商品包装：份量足 性价比：实惠
1699,垃圾，真***垃圾，垃圾中的***，标注的十多元五百克两包，收到货确只有一包两百五十克的，客服居然说仓库发错了，***，你们怎么不**，气死我了。无良商家，应该从淘宝平台消失，有辱我中华民族
1700,南瓜子刚收到打开让我很失望页面描达大颗粒变成小颗真的坑人以后不会光顾了
1701,还可以 ，没有啥坏的 ，价格嘛，和超市买的也差不多 ～ 懒得出门，网上买也一样。哈哈 ～ 推荐 ！！！
1702,收到货品，外包装完好，内包装破口不开心，瓜子潮了
1703,第二次购买，感觉没有第一次的好，个头的均匀度跟饱满度都没第一次好，总的还好吧！
1704,口感味道：好香好吃，五分好评下次再来，值得推荐给大家
1705,颗粒较饱满，可惜是炒的，之前没注意看，有的炒过火了，香是香，但上火，不敢多吃。
1706,就是不知道同是一斤为啥包大小不一样，客服说包装不一样，重量一样，我就不明白了，同样的瓜子，同样大小包，都是一斤，为啥大小不一样？
1707,不满意，收到货都是有问题的，包装都没有封好，就这样发给了顾客，一包收到货只有少半包，售后也不处理
1708,很小颗，根本不是大颗粒，连中等都算不上，何必那么写呢
1709,质量还可以，就是不知道是卖防腐剂还是卖开心果，有二两重
1710,发货速度挺快，嗯，挂着质量味道还可以。就是有些瓜子儿太小了。
1711,买的时候以为是两包呢，收到货才发现是一包。不过感觉还行吧，毕竟这个价格超市里也买不了一斤的
1712,第二次购买，籽粒不算大，但是壳子比较薄，还行
1713,不理想有点贵，色泽也不好
1714,买了南瓜子发的是什么东西啊？说好了南瓜子呢？这什么玩意啊？忽悠我吗？
1715,瓜子的分量还是比较足，包装也不错，遗憾的是它不是我们平时吃那种&ldquo;土&rdquo;南瓜籽&mdash;这种南瓜籽表面较光滑，壳比较厚，仁也没那种香。但又不能说店家描述错误，只能好评了。
1716,南瓜子颗粒均匀，肉很饱满，物流很快，吃南瓜子对人好。一大包够吃一整子了。物流很快。
1717,本来买生的，买成熟得了。颗粒不大，但味道还行，坏的很少，有的表面有点斑点。
1718,这价木高了，看图片是大颗粒怕，红包又快过期，我买点试试，不错的话就多买几斤来过春节，结果比当地超市的颗粒小，也不饱满，超市的每千克28元。
1719,还可以，老板家的干燥剂是真好做，这么大，瓜子还马马虎虎，但是有点潮。
1720,还可以，老板家的干燥剂是真好做，这么大，瓜子还马马虎虎，但是有点潮。
1721,还可以，老板家的干燥剂是真好做，这么大，瓜子还马马虎虎，但是有点潮。
1722,口感味道：很好吃  感觉挺好 商品包装：非常好 性价比：不错 规格重量：分量足
1723,货收到，商品包装很好，颗粒一般，不是大瓜子，少有残次颗粒，还行。
1724,宝贝收到，挺好的，香脆可口，颗粒饱满是当年的新南瓜籽，谢谢商家，谢谢快递员给你们五星好评啦！
1725,宝贝不错，刚拿回来，打开一看真的很满意，量挺多的
1726,瓜子饱满，是新的，很香。收货快！
1727,味道不错，建议大家购买。
1728,味道不错，比想象的小粒，皮太脆，一不小心就烂了。
1729,发货速度挺快，包装挺好，味道也可以不咸
1730,不好，要了两包，一包发错口味，本来要两包原味发了一包原味一包五香，原味打开尝了尝，壳也是咸，老年人不喜欢吃咸的
1731,味道不错，就是太小了，说是大颗粒的，只有我平时吃的南瓜子的一半大，老婆孩子都不吃，还要到别家从买，买了好几种，就没有满意的。
1732,瓜子是发黄的那种，皮很薄，不如白色的好吃，第一次在这家买白色的，以后两次都是黄色的，不如白色的好吃。
1733,不知道什么叫大颗粒￼&middot;应该叫小颗粒
1734,口感味道：一般，皮太薄，一磕就碎啦，不值得退货，收了
1735,瓜子收到了，一公斤两袋，打开一尝味道还可以，个头中等，价位基本合理，主要是很方便，直接寄到家里，就是物流有一些慢。
1736,口感味道：不错 商品包装：包装漂亮有自带封条 规格重量：够份量
1737,第一次买憨豆熊的南瓜子，包装拉链口设计，便于储存，虽然有些瓜子不是很饱满，但味道不错
1738,真叫惨不忍睹，忍无可忍了！😂😂
1739,已经买过多次了，很容易剥皮，几乎没有坏的
1740,此用户没有填写评论!
1741,快递说面单的信息都没了，然后也没有查询，也没有通知买家，等了很久一直没送，第一次打电话没接，第二次通了，跟我说再不打过来就要退回去了，说的好像是我的错一样，体验很差！
1742,收到了口感不错，吃完再买。
1743,卖的时候是两袋，发货只发了一袋，这是诈骗吗？我还会去投诉！
1744,真的很好吃，没有坏的颗粒
1745,好小好小，不是白瓜子，被骗了吧
1746,瓜子好吃，有南瓜子的味道，但个人学得咸了点，我买的原味，不知是发错了还是原味就是这个味道，总之还是不错的，好评
1747,1、客服很牛气。2、瓜子很小。3、味精味浓。4、无语到&ldquo;不想再与客服说（退货）&rdquo;。
1748,口感味道：不错 商品包装：精美 性价比：一般
1749,口感味道：味道不错，就是南瓜子有点小。包装和其他都不错习惯好评！
1750,颗粒饱满，入口粒粒酥香，好吃～以后还会光顾。
1751,味道不错，个头饱满、物流很快。可惜的是个头太小了，所谓&ldquo;大颗粒&rdquo;纯属无稽！如果这样的都为&ldquo;大颗粒&rdquo;，不知&ldquo;小颗粒&rdquo;的是何模样了！
1752,这瓜子颗粒太小，根本算不上大粒，我上次在别的店买的中粒也比这大0
1753,公子粒饱满干净就是皮烤过了一点太酥了口感一般不太。象当年的新瓜子
1754,规格重量：好 口感味道：好 性价比：好 商品包装：好
1755,南瓜子好吃
1756,口感味道：不怎么好，太枯了点 性价比：价钱还行
1757,有点潮，并没有像卖家说的一咬就碎的感觉，坏的也吃到好几个，自己放锅里炒过了，。
1758,有一袋封口有三分之一没有封，收到时候口袋是开着的，瓜子漏了好多在箱子里，瓜子也回软了。口袋不是快递摔坏的，封口上没有一点加热痕迹，就是装箱时候看到瓜子袋不是真空的还装进去的，很失望。希望以后打包员工作认真负责点。习惯好评
1759,比我们这里实体店贵一点。
1760,南瓜子收到，味道不错，就是一斤一包的包装过大，独立小包装就好了。还是五分好评。
1761,第二次买了，给5分好评！
1762,非常不好的一次购物，感觉上当，希望朋友们在购买时一定要看清数量和价格，商家的套路太深，很容易让商家骗了。给其差评
1763,好漂亮的包装，瓜子香酥脆，好好吃，准备再下单
1764,还大颗粒呢，论大小跟市场零售元价位差不多。还算饱满没什么坏的
1765,规格重量：明白标注15.9元两斤，只发一斤，还说我点购一斤，只要你冲着15.9元两斤下单，它就变成一斤的，彻头彻尾忽悠人。千万别买了。快递服务好的。
1766,刚收到货就打开了，挺好的，还会回购的
1767,实际只收到一包，但标题却显示500&times;2，价钱才9.9元，问客服才只有一袋，实际是销售套路，引起误导，价钱及克数是让客户选择，实际没多大的优惠，商家及力绞辨，让人气愤，，一袋在哪买都是这个价钱，绝对差评，差评，请其他要买之人看清，想清楚他们的套路
1768,南瓜子很香，很新鲜，没有一个坏的，这是笫二次购了。
1769,宝贝收到，还没开吃。
1770,其它都好，就是瓜子儿有点小，可是我买的是大粒的呀。
1771,还不错，不过瓜子壳还是有盐味，这点得改进，我是高血压患者要考虑的
1772,口感味道：很好，比较实惠，味道也不错，下次还来
1773,瓜子质量不错，已经多次购买了，包装也很好。
1774,口感味道：第二次买了，味道不错，只是颗粒小了些。
1775,好吃不贵
1776,瓜子香，说是大颗粒实际太小，壳太脆，一咬壳就碎，吃着有点烦，
1777,此用户没有填写评论!
1778,个头有点小，我以为中片的较大个，比较失望，不过还是好吃。
1779,瓜子是新货挺好的，页面上500*2容易给人错觉是两斤的，其实是一斤的量
1780,听干净的，就是皮太酥，力度掌握不好，就碎了
1781,口感味道：一般 商品包装：完好
1782,口感味道：还行 商品包装：很好
1783,太差了
1784,瓜子与描述相符，已买了好多次，但瓜片似乎比以前小了些。
1785,性价比：一定要看清下面的小黑字，不能看图片的宣传。
1786,包装好，份量足，瓜子个头不大口感比较不错
1787,回头客了，妈妈很喜欢吃这家的瓜子，今后会继续支持。
1788,特便宜，味道很好，一大包
1789,很好吃，就是太小了，你确定这是大颗粒的瓜子吗？！
1790,宝贝不错，已经多次购买了，希望质量一如既往的好
1791,味道还行，颗粒大小一般的那样
1792,质量差中小片，还说大片，克数不太明确，两包500克，下面又是250克，太坑爹
1793,瓜子很饱满，很香不批，个虽然不太大，很均匀！就是快递不送货上门！需要去取件不方便！
1794,宝贝跟描术的不一样，颗粒非常小。但还是给五星
1795,瓜子很不错，而且香味很好，  但是为什么写的是500克X2而收到是一包500克呢
1796,买的大果实际跟我在当地买的小果一样大
1797,南瓜子很香是新货超好吃已经第二次购买了必须好评
1798,口感味道：味道挺香，是新炒的，挺好！下次还多买点！
1799,口感味道：刚收到，还没有品尝，先好评，吃后追评。
1800,瓜子小，但饱满，只是没有香味，不过挺好的
1801,瓜子颗粒比较小，份量一点也不多也不少。好评！
1802,好吃，香香脆脆，颗粒饱满，一袋只有几颗坏的，
1803,小不是很饱满，没有以前买的好吃，一般
1804,一斤装，满满的一袋子，够吃好多天的，味道不错。
1805,不错，就是会上火
1806,规格重量：所谓的500*2就是个幌子，怪自己眼拙
1807,要的是原味的可送过来的是椒盐的，算了就这么着吧
1808,还是之前的味道颗颗饱满憨豆熊是我的最爱
1809,大小均匀，味道好，价格实惠。
1810,此用户没有填写评论!
1811,还可以，老板家的干燥剂是真好做，这么大，瓜子还马马虎虎，但是有点潮。
1812,价格便宜，宝贝很好，已经多次购买，下次需要还会再来。
1813,口感味道：籽粒饱满，很好。
1814,与描述的不一样，定了500克的结果收到是250克的，包装也不一样。
1815,还沒吃不知道味道好下，包装看起很好，吃了在来评价。
1816,包装损坏，散落的到处都是，还不好吃，差评
1817,不错，好吃
1818,瓜子收到但和描述有差别描述看上去挺大个是很小而且太咸了。就给与好评吧。
1819,口感味道：瓜子不错
1820,第二次买了，很饱满，味道不错
1821,描述不清，标题写着500gX2，你拍了，来的是一袋，问客服说你拍的就是一袋，我原以为一份就是两袋，被标题忽悠了，差评。我拍的是一份，哈哈，理解不同
1822,帮朋友买的，朋友说个头有点小&hellip;&hellip;
1823,昨天收到就开包品尝，蛮香的，满满的一大包，吃完再来！好评！！
1824,瓜子味道很好，很香，就是太小片。
1825,先打开一袋，感觉和平常吃的不一样，才发现是五香的。五香的颗粒不大，估计是煮熟又炒干的？很脆
1826,商品包装：口感不错！下次还来买！
1827,南瓜子口味不错，就是有点小。
1828,老家产品，口感非常棒，包装严实，性价比高
1829,袖珍瓜子，颗粒小，有点甜。
1830,颗粒饱满，新鲜留香。不错的购物，满意的体验
1831,口感味道：行 商品包装：行
1832,要的炒货，发的盐味道，也还可以吃
1833,两包，一包已透气，不过味道不错。
1834,味道不错，粒粒饱满。好评！
1835,除了个头比较小，其他一切都非常好。
1836,此用户没有填写评论!
1837,宝贝收到，干净均匀，香脆，满意好评！
1838,很好吃，干净，口味不错，已多次回购。
1839,骗子给***标题骗了
1840,口感味道：原味很香 商品包装：旗舰店的包装很棒！ 性价比：瓜子仁很饱满 规格重量：在单位用秤称过了分量很足
1841,味道一般，好多破的，不好磕
1842,不说味道咋样，缺斤少两，最不诚信的感觉。
1843,这是什么商家，买了包南瓜籽收到货都洒在快递袋里面了，给客服说客服服务态度让我无语。大家拍时要慎重
1844,瓜子好吃，和描述的一样，五分好评了。
1845,宝贝收到瓜子饱满！！！
1846,瓜子颗粒不大，不过挺香
1847,还能再小点吗？与描述严重不符。我都怕拿不着，太小了。
1848,感谢快递小哥服务很好帮我送到我手里瓜子还没吃看着还是蛮好的
1849,口感味道：好，吃完再购
1850,东东不错，颗粒饱满，包装袋很好有自封条很方便。好评！物流服务给力。好评！
1851,南瓜子饱滿，很香，好评，还会买。
1852,南瓜子收到，物流很快，再次购买了，吃惯了嘴，跑惯了腿，就这家对口味，吃完再来。
1853,味好的，只是粒太小，买的大颗粒，变成小颗粒了
1854,很不错，皮薄，颗粒饱满还会回购
1855,口感味道：口感非常好吃
1856,瓜子很香，脆，味道很好。
1857,第二次购买 味道不错 下次还来
1858,第二次购买，还没开包，大概一样，好评
1859,第二次购买了，很香，妈妈很爱吃，下次还会光顾！
1860,一点都不好，不知道那来的那么多好评，五香味甜的还苦
1861,都挺好的，就是太咸了，买原味最好
1862,价格美丽  越吃越想吃，拿到手停不住拉
1863,还是以前的味道，回购好多次了。
1864,味道不错多次购买，给5分
1865,口感味道：味道不错，咸咸的
1866,很香，颗粒还好，下次再买！
1867,瓜子味道好以第二次购买。
1868,还可以，实惠
1869,与描述的不一样，仔粒小且半个壳的占二十分一。
1870,还行吧，有的瓜子仁空，还是给好评吧
1871,我喜欢吃五香的，味道还不错。
1872,已经N次回购了，瓜子很好
1873,口感味道：味道不错
1874,真空包，还没吃，吃过再来评价！
1875,第二次买，发的货份量不对，我买的500克，发的250克。希望尽快妥善处理。
1876,此用户没有填写评论!
1877,味道好吃！吃起来壳太脆，比较难吐壳。肉不宝满。
1878,瓜子很棒是今年的货也很大。
1879,这是第二次拍了，可以吃上一段时间了，
1880,发货快，瓜子饱满，好吃！！
1881,申通快递，太差了，不按址送货，来电问货要不要，想要自己来拿，差评，最差差评。
1882,比原来的小多了，又不饱满
1883,味道一般
1884,味道还行
1885,味道不错，下次再来买。
1886,大颗粒瓜子，太小了。
1887,此用户没有填写评论!
1888,瓜子味道好就是小点
1889,瓜子很小.服务也不尽人意
1890,瓜子不错，下次还买。
1891,个个都是颗粒饱满，满意的一次购物，祝店家生意兴隆啊
1892,又香又脆，吃完再拍。
1893,没有想象的好，份量不足
1894,质量差，大小不均匀。
1895,里边有好多不好的瓜子
1896,五香的不好！原味的挺好的
1897,以为是500gx2袋，收到却是1袋，有点误导消费的感觉。给个中评！
1898,南瓜子收到了，好吃，脆脆的
1899,沒有想象中大还行
1900,瓜子就是小了点，吃着很香，很满意。
1901,商品包装：好吃不上火
1902,宝贝收到了，多次购买了，但是涨价了末味。
1903,口味没变，品质没变好评
1904,还行，就是小贵
1905,味道很一般，不香
1906,很好吃，买的原味的
1907,我買原味的你發
1908,第二次购买了，真的很好！吃完还来购！
1909,多次买了，瓜子挺好，值得购买。
1910,规格重量：好
1911,瓜子不错，干净
1912,不喜欢甜味
1913,颗粒不中等
1914,不是独立包装
1915,货收到，二次回购，吃完再来。
1916,还没打开，不知道好不好，习惯好评吧。
1917,还行，壳很脆
1918,很好！实惠好物！
1919,味道不错。挺干，挺香的。满意，好评。
1920,"口感还行,原味的有咸味,物流快,服务态度很好"
1921,只是尝尝五香味道，家里人喜欢！
1922,瓜子有点小
1923,颗粒太小
1924,不够饱满
1925,颗粒太小
1926,颗粒太小
1927,双十一拍的众多商品中收到的第一个快递，神速!
1928,很好吃，干净，质量好，已经多次回购。
1929,多次购买吃完来。给5分
1930,物流24日4点14分后杳无信息，不断查找才到投递车自行取回。
1931,口味挺好的
1932,按时收到，已是第二次购买很喜欢。
1933,好吃，原滋原味，性价比高
1934,很好吃，已经多次回购。
1935,我以为是大南子呢，结果是小的
1936,瓜子挺香的
1937,第二次购买了，吃完了再来。
1938,看着不错，还没吃，吃后评价
1939,好吃已经第二次买了
1940,发货很快，第二天就到了！包装很好，还没有试吃。
1941,已经买了好多次了，发货相当迅速。
1942,买三次了，五分好评
1943,还没吃，先好评，吃了后再追评。
1944,脆脆脆，不好剥，连壳一起吃
1945,十句百句总结一个字，好
1946,好吃 也没有坏的 推荐
1947,老太太很喜欢，会再买的
1948,吃了舌头疼，不知何故！
1949,宝贝很好，好评全五分，下次再来。
1950,以为是炒的，有点失望
1951,味道好极了，好吃看的见。
1952,不是很满意，太潮了
1953,宝贝很好，下次还买。
1954,还没吃，习惯好评。吃后再追评
1955,还没吃呢？先好评吧
1956,质量好值得推荐
1957,包装好，味道好，物美价廉。
1958,刚拿到就吃，真的好吃，
1959,还没有吃，看着还行！
1960,为什么第二次买的不香了？
1961,此用户没有填写评论!
1962,一如既往地好
1963,继续五星好评！
1964,好吃又香又干净！
1965,可以，就是拿快递比较远
1966,物流快，包装好，要再炒老一点就更香了！
1967,太小了。还可以
1968,不错，己经是第二次购买了。
1969,可以挺香的
1970,好吃好吃，吃完还买
1971,一如既往好
1972,好吃.很香
1973,非常好吃
1974,不错很好
1975,非常好吃
1976,付款了至今没有收到货。
1977,就这样吧
1978,很好！我这是第二次购买
1979,非常满意，吃完再来。
1980,为什么第二次买的不香了？
1981,此用户没有填写评论!
1982,一如既往地好
1983,继续五星好评！
1984,好吃又香又干净！
1985,可以，就是拿快递比较远
1986,物流快，包装好，要再炒老一点就更香了！
1987,太小了。还可以
1988,不错，己经是第二次购买了。
1989,可以挺香的
1990,好吃好吃，吃完还买
1991,一如既往好
1992,好吃.很香
1993,非常好吃
1994,不错很好
1995,非常好吃
1996,付款了至今没有收到货。
1997,就这样吧
1998,很好！我这是第二次购买
1999,非常满意，吃完再来。
2000,为什么第二次买的不香了？
2001,此用户没有填写评论!
2002,一如既往地好
2003,继续五星好评！
2004,好吃又香又干净！
2005,可以，就是拿快递比较远
2006,物流快，包装好，要再炒老一点就更香了！
2007,太小了。还可以
2008,不错，己经是第二次购买了。
2009,可以挺香的
2010,好吃好吃，吃完还买
2011,一如既往好
2012,好吃.很香
2013,非常好吃
2014,不错很好
2015,非常好吃
2016,付款了至今没有收到货。
2017,就这样吧
2018,很好！我这是第二次购买
2019,非常满意，吃完再来。
2020,为什么第二次买的不香了？
2021,此用户没有填写评论!
2022,一如既往地好
2023,继续五星好评！
2024,好吃又香又干净！
2025,可以，就是拿快递比较远
2026,物流快，包装好，要再炒老一点就更香了！
2027,太小了。还可以
2028,不错，己经是第二次购买了。
2029,可以挺香的
2030,好吃好吃，吃完还买
2031,一如既往好
2032,好吃.很香
2033,非常好吃
2034,不错很好
2035,非常好吃
2036,付款了至今没有收到货。
2037,就这样吧
2038,很好！我这是第二次购买
2039,非常满意，吃完再来。
2040,为什么第二次买的不香了？
2041,此用户没有填写评论!
2042,一如既往地好
2043,继续五星好评！
2044,好吃又香又干净！
2045,可以，就是拿快递比较远
2046,物流快，包装好，要再炒老一点就更香了！
2047,太小了。还可以
2048,不错，己经是第二次购买了。
2049,可以挺香的
2050,好吃好吃，吃完还买
2051,一如既往好
2052,好吃.很香
2053,非常好吃
2054,不错很好
2055,非常好吃
2056,付款了至今没有收到货。
2057,就这样吧
2058,很好！我这是第二次购买
2059,非常满意，吃完再来。
2060,为什么第二次买的不香了？
2061,此用户没有填写评论!
2062,一如既往地好
2063,继续五星好评！
2064,好吃又香又干净！
2065,可以，就是拿快递比较远
2066,物流快，包装好，要再炒老一点就更香了！
2067,太小了。还可以
2068,不错，己经是第二次购买了。
2069,可以挺香的
2070,好吃好吃，吃完还买
2071,一如既往好
2072,好吃.很香
2073,非常好吃
2074,不错很好
2075,非常好吃
2076,付款了至今没有收到货。
2077,就这样吧
2078,很好！我这是第二次购买
2079,非常满意，吃完再来。
2080,为什么第二次买的不香了？
2081,此用户没有填写评论!
2082,一如既往地好
2083,继续五星好评！
2084,好吃又香又干净！
2085,可以，就是拿快递比较远
2086,物流快，包装好，要再炒老一点就更香了！
2087,太小了。还可以
2088,不错，己经是第二次购买了。
2089,可以挺香的
2090,好吃好吃，吃完还买
2091,一如既往好
2092,好吃.很香
2093,非常好吃
2094,不错很好
2095,非常好吃
2096,付款了至今没有收到货。
2097,就这样吧
2098,很好！我这是第二次购买
2099,非常满意，吃完再来。
2100,为什么第二次买的不香了？
2101,此用户没有填写评论!
2102,一如既往地好
2103,继续五星好评！
2104,好吃又香又干净！
2105,可以，就是拿快递比较远
2106,物流快，包装好，要再炒老一点就更香了！
2107,太小了。还可以
2108,不错，己经是第二次购买了。
2109,可以挺香的
2110,好吃好吃，吃完还买
2111,一如既往好
2112,好吃.很香
2113,非常好吃
2114,不错很好
2115,非常好吃
2116,付款了至今没有收到货。
2117,就这样吧
2118,很好！我这是第二次购买
2119,非常满意，吃完再来。
2120,为什么第二次买的不香了？
2121,此用户没有填写评论!
2122,一如既往地好
2123,继续五星好评！
2124,好吃又香又干净！
2125,可以，就是拿快递比较远
2126,物流快，包装好，要再炒老一点就更香了！
2127,太小了。还可以
2128,不错，己经是第二次购买了。
2129,可以挺香的
2130,好吃好吃，吃完还买
2131,一如既往好
2132,好吃.很香
2133,非常好吃
2134,不错很好
2135,非常好吃
2136,付款了至今没有收到货。
2137,就这样吧
2138,很好！我这是第二次购买
2139,非常满意，吃完再来。
2140,为什么第二次买的不香了？
2141,此用户没有填写评论!
2142,一如既往地好
2143,继续五星好评！
2144,好吃又香又干净！
2145,可以，就是拿快递比较远
2146,物流快，包装好，要再炒老一点就更香了！
2147,太小了。还可以
2148,不错，己经是第二次购买了。
2149,可以挺香的
2150,好吃好吃，吃完还买
2151,一如既往好
2152,好吃.很香
2153,非常好吃
2154,不错很好
2155,非常好吃
2156,付款了至今没有收到货。
2157,就这样吧
2158,很好！我这是第二次购买
2159,非常满意，吃完再来。
2160,为什么第二次买的不香了？
2161,此用户没有填写评论!
2162,一如既往地好
2163,继续五星好评！
2164,好吃又香又干净！
2165,可以，就是拿快递比较远
2166,物流快，包装好，要再炒老一点就更香了！
2167,太小了。还可以
2168,不错，己经是第二次购买了。
2169,可以挺香的
2170,好吃好吃，吃完还买
2171,一如既往好
2172,好吃.很香
2173,非常好吃
2174,不错很好
2175,非常好吃
2176,付款了至今没有收到货。
2177,就这样吧
2178,很好！我这是第二次购买
2179,非常满意，吃完再来。
2180,为什么第二次买的不香了？
2181,此用户没有填写评论!
2182,一如既往地好
2183,继续五星好评！
2184,好吃又香又干净！
2185,可以，就是拿快递比较远
2186,物流快，包装好，要再炒老一点就更香了！
2187,太小了。还可以
2188,不错，己经是第二次购买了。
2189,可以挺香的
2190,好吃好吃，吃完还买
2191,一如既往好
2192,好吃.很香
2193,非常好吃
2194,不错很好
2195,非常好吃
2196,付款了至今没有收到货。
2197,就这样吧
2198,很好！我这是第二次购买
2199,非常满意，吃完再来。
2200,为什么第二次买的不香了？
2201,此用户没有填写评论!
2202,一如既往地好
2203,继续五星好评！
2204,好吃又香又干净！
2205,可以，就是拿快递比较远
2206,物流快，包装好，要再炒老一点就更香了！
2207,太小了。还可以
2208,不错，己经是第二次购买了。
2209,可以挺香的
2210,好吃好吃，吃完还买
2211,一如既往好
2212,好吃.很香
2213,非常好吃
2214,不错很好
2215,非常好吃
2216,付款了至今没有收到货。
2217,就这样吧
2218,很好！我这是第二次购买
2219,非常满意，吃完再来。
2220,为什么第二次买的不香了？
2221,此用户没有填写评论!
2222,一如既往地好
2223,继续五星好评！
2224,好吃又香又干净！
2225,可以，就是拿快递比较远
2226,物流快，包装好，要再炒老一点就更香了！
2227,太小了。还可以
2228,不错，己经是第二次购买了。
2229,可以挺香的
2230,好吃好吃，吃完还买
2231,一如既往好
2232,好吃.很香
2233,非常好吃
2234,不错很好
2235,非常好吃
2236,付款了至今没有收到货。
2237,就这样吧
2238,很好！我这是第二次购买
2239,非常满意，吃完再来。
2240,为什么第二次买的不香了？
2241,此用户没有填写评论!
2242,一如既往地好
2243,继续五星好评！
2244,好吃又香又干净！
2245,可以，就是拿快递比较远
2246,物流快，包装好，要再炒老一点就更香了！
2247,太小了。还可以
2248,不错，己经是第二次购买了。
2249,可以挺香的
2250,好吃好吃，吃完还买
2251,一如既往好
2252,好吃.很香
2253,非常好吃
2254,不错很好
2255,非常好吃
2256,付款了至今没有收到货。
2257,就这样吧
2258,很好！我这是第二次购买
2259,非常满意，吃完再来。
2260,为什么第二次买的不香了？
2261,此用户没有填写评论!
2262,一如既往地好
2263,继续五星好评！
2264,好吃又香又干净！
2265,可以，就是拿快递比较远
2266,物流快，包装好，要再炒老一点就更香了！
2267,太小了。还可以
2268,不错，己经是第二次购买了。
2269,可以挺香的
2270,好吃好吃，吃完还买
2271,一如既往好
2272,好吃.很香
2273,非常好吃
2274,不错很好
2275,非常好吃
2276,付款了至今没有收到货。
2277,就这样吧
2278,很好！我这是第二次购买
2279,非常满意，吃完再来。
2280,为什么第二次买的不香了？
2281,此用户没有填写评论!
2282,一如既往地好
2283,继续五星好评！
2284,好吃又香又干净！
2285,可以，就是拿快递比较远
2286,物流快，包装好，要再炒老一点就更香了！
2287,太小了。还可以
2288,不错，己经是第二次购买了。
2289,可以挺香的
2290,好吃好吃，吃完还买
2291,一如既往好
2292,好吃.很香
2293,非常好吃
2294,不错很好
2295,非常好吃
2296,付款了至今没有收到货。
2297,就这样吧
2298,很好！我这是第二次购买
2299,非常满意，吃完再来。
2300,为什么第二次买的不香了？
2301,此用户没有填写评论!
2302,一如既往地好
2303,继续五星好评！
2304,好吃又香又干净！
2305,可以，就是拿快递比较远
2306,物流快，包装好，要再炒老一点就更香了！
2307,太小了。还可以
2308,不错，己经是第二次购买了。
2309,可以挺香的
2310,好吃好吃，吃完还买
2311,一如既往好
2312,好吃.很香
2313,非常好吃
2314,不错很好
2315,非常好吃
2316,付款了至今没有收到货。
2317,就这样吧
2318,很好！我这是第二次购买
2319,非常满意，吃完再来。
2320,为什么第二次买的不香了？
2321,此用户没有填写评论!
2322,一如既往地好
2323,继续五星好评！
2324,好吃又香又干净！
2325,可以，就是拿快递比较远
2326,物流快，包装好，要再炒老一点就更香了！
2327,太小了。还可以
2328,不错，己经是第二次购买了。
2329,可以挺香的
2330,好吃好吃，吃完还买
2331,一如既往好
2332,好吃.很香
2333,非常好吃
2334,不错很好
2335,非常好吃
2336,付款了至今没有收到货。
2337,就这样吧
2338,很好！我这是第二次购买
2339,非常满意，吃完再来。
2340,为什么第二次买的不香了？
2341,此用户没有填写评论!
2342,一如既往地好
2343,继续五星好评！
2344,好吃又香又干净！
2345,可以，就是拿快递比较远
2346,物流快，包装好，要再炒老一点就更香了！
2347,太小了。还可以
2348,不错，己经是第二次购买了。
2349,可以挺香的
2350,好吃好吃，吃完还买
2351,一如既往好
2352,好吃.很香
2353,非常好吃
2354,不错很好
2355,非常好吃
2356,付款了至今没有收到货。
2357,就这样吧
2358,很好！我这是第二次购买
2359,非常满意，吃完再来。
2360,为什么第二次买的不香了？
2361,此用户没有填写评论!
2362,一如既往地好
2363,继续五星好评！
2364,好吃又香又干净！
2365,可以，就是拿快递比较远
2366,物流快，包装好，要再炒老一点就更香了！
2367,太小了。还可以
2368,不错，己经是第二次购买了。
2369,可以挺香的
2370,好吃好吃，吃完还买
2371,一如既往好
2372,好吃.很香
2373,非常好吃
2374,不错很好
2375,非常好吃
2376,付款了至今没有收到货。
2377,就这样吧
2378,很好！我这是第二次购买
2379,非常满意，吃完再来。
2380,为什么第二次买的不香了？
2381,此用户没有填写评论!
2382,一如既往地好
2383,继续五星好评！
2384,好吃又香又干净！
2385,可以，就是拿快递比较远
2386,物流快，包装好，要再炒老一点就更香了！
2387,太小了。还可以
2388,不错，己经是第二次购买了。
2389,可以挺香的
2390,好吃好吃，吃完还买
2391,一如既往好
2392,好吃.很香
2393,非常好吃
2394,不错很好
2395,非常好吃
2396,付款了至今没有收到货。
2397,就这样吧
2398,很好！我这是第二次购买
2399,非常满意，吃完再来。
2400,为什么第二次买的不香了？
2401,此用户没有填写评论!
2402,一如既往地好
2403,继续五星好评！
2404,好吃又香又干净！
2405,可以，就是拿快递比较远
2406,物流快，包装好，要再炒老一点就更香了！
2407,太小了。还可以
2408,不错，己经是第二次购买了。
2409,可以挺香的
2410,好吃好吃，吃完还买
2411,一如既往好
2412,好吃.很香
2413,非常好吃
2414,不错很好
2415,非常好吃
2416,付款了至今没有收到货。
2417,就这样吧
2418,很好！我这是第二次购买
2419,非常满意，吃完再来。
2420,为什么第二次买的不香了？
2421,此用户没有填写评论!
2422,一如既往地好
2423,继续五星好评！
2424,好吃又香又干净！
2425,可以，就是拿快递比较远
2426,物流快，包装好，要再炒老一点就更香了！
2427,太小了。还可以
2428,不错，己经是第二次购买了。
2429,可以挺香的
2430,好吃好吃，吃完还买
2431,一如既往好
2432,好吃.很香
2433,非常好吃
2434,不错很好
2435,非常好吃
2436,付款了至今没有收到货。
2437,就这样吧
2438,很好！我这是第二次购买
2439,非常满意，吃完再来。
2440,为什么第二次买的不香了？
2441,此用户没有填写评论!
2442,一如既往地好
2443,继续五星好评！
2444,好吃又香又干净！
2445,可以，就是拿快递比较远
2446,物流快，包装好，要再炒老一点就更香了！
2447,太小了。还可以
2448,不错，己经是第二次购买了。
2449,可以挺香的
2450,好吃好吃，吃完还买
2451,一如既往好
2452,好吃.很香
2453,非常好吃
2454,不错很好
2455,非常好吃
2456,付款了至今没有收到货。
2457,就这样吧
2458,很好！我这是第二次购买
2459,非常满意，吃完再来。
2460,为什么第二次买的不香了？
2461,此用户没有填写评论!
2462,一如既往地好
2463,继续五星好评！
2464,好吃又香又干净！
2465,可以，就是拿快递比较远
2466,物流快，包装好，要再炒老一点就更香了！
2467,太小了。还可以
2468,不错，己经是第二次购买了。
2469,可以挺香的
2470,好吃好吃，吃完还买
2471,一如既往好
2472,好吃.很香
2473,非常好吃
2474,不错很好
2475,非常好吃
2476,付款了至今没有收到货。
2477,就这样吧
2478,很好！我这是第二次购买
2479,非常满意，吃完再来。
2480,为什么第二次买的不香了？
2481,此用户没有填写评论!
2482,一如既往地好
2483,继续五星好评！
2484,好吃又香又干净！
2485,可以，就是拿快递比较远
2486,物流快，包装好，要再炒老一点就更香了！
2487,太小了。还可以
2488,不错，己经是第二次购买了。
2489,可以挺香的
2490,好吃好吃，吃完还买
2491,一如既往好
2492,好吃.很香
2493,非常好吃
2494,不错很好
2495,非常好吃
2496,付款了至今没有收到货。
2497,就这样吧
2498,很好！我这是第二次购买
2499,非常满意，吃完再来。
2500,为什么第二次买的不香了？
2501,此用户没有填写评论!
2502,一如既往地好
2503,继续五星好评！
2504,好吃又香又干净！
2505,可以，就是拿快递比较远
2506,物流快，包装好，要再炒老一点就更香了！
2507,太小了。还可以
2508,不错，己经是第二次购买了。
2509,可以挺香的
2510,好吃好吃，吃完还买
2511,一如既往好
2512,好吃.很香
2513,非常好吃
2514,不错很好
2515,非常好吃
2516,付款了至今没有收到货。
2517,就这样吧
2518,很好！我这是第二次购买
2519,非常满意，吃完再来。
2520,为什么第二次买的不香了？
2521,此用户没有填写评论!
2522,一如既往地好
2523,继续五星好评！
2524,好吃又香又干净！
2525,可以，就是拿快递比较远
2526,物流快，包装好，要再炒老一点就更香了！
2527,太小了。还可以
2528,不错，己经是第二次购买了。
2529,可以挺香的
2530,好吃好吃，吃完还买
2531,一如既往好
2532,好吃.很香
2533,非常好吃
2534,不错很好
2535,非常好吃
2536,付款了至今没有收到货。
2537,就这样吧
2538,很好！我这是第二次购买
2539,非常满意，吃完再来。
2540,为什么第二次买的不香了？
2541,此用户没有填写评论!
2542,一如既往地好
2543,继续五星好评！
2544,好吃又香又干净！
2545,可以，就是拿快递比较远
2546,物流快，包装好，要再炒老一点就更香了！
2547,太小了。还可以
2548,不错，己经是第二次购买了。
2549,可以挺香的
2550,好吃好吃，吃完还买
2551,一如既往好
2552,好吃.很香
2553,非常好吃
2554,不错很好
2555,非常好吃
2556,付款了至今没有收到货。
2557,就这样吧
2558,很好！我这是第二次购买
2559,非常满意，吃完再来。
2560,为什么第二次买的不香了？
2561,此用户没有填写评论!
2562,一如既往地好
2563,继续五星好评！
2564,好吃又香又干净！
2565,可以，就是拿快递比较远
2566,物流快，包装好，要再炒老一点就更香了！
2567,太小了。还可以
2568,不错，己经是第二次购买了。
2569,可以挺香的
2570,好吃好吃，吃完还买
2571,一如既往好
2572,好吃.很香
2573,非常好吃
2574,不错很好
2575,非常好吃
2576,付款了至今没有收到货。
2577,就这样吧
2578,很好！我这是第二次购买
2579,非常满意，吃完再来。
2580,为什么第二次买的不香了？
2581,此用户没有填写评论!
2582,一如既往地好
2583,继续五星好评！
2584,好吃又香又干净！
2585,可以，就是拿快递比较远
2586,物流快，包装好，要再炒老一点就更香了！
2587,太小了。还可以
2588,不错，己经是第二次购买了。
2589,可以挺香的
2590,好吃好吃，吃完还买
2591,一如既往好
2592,好吃.很香
2593,非常好吃
2594,不错很好
2595,非常好吃
2596,付款了至今没有收到货。
2597,就这样吧
2598,很好！我这是第二次购买
2599,非常满意，吃完再来。
2600,为什么第二次买的不香了？
2601,此用户没有填写评论!
2602,一如既往地好
2603,继续五星好评！
2604,好吃又香又干净！
2605,可以，就是拿快递比较远
2606,物流快，包装好，要再炒老一点就更香了！
2607,太小了。还可以
2608,不错，己经是第二次购买了。
2609,可以挺香的
2610,好吃好吃，吃完还买
2611,一如既往好
2612,好吃.很香
2613,非常好吃
2614,不错很好
2615,非常好吃
2616,付款了至今没有收到货。
2617,就这样吧
2618,很好！我这是第二次购买
2619,非常满意，吃完再来。
2620,为什么第二次买的不香了？
2621,此用户没有填写评论!
2622,一如既往地好
2623,继续五星好评！
2624,好吃又香又干净！
2625,可以，就是拿快递比较远
2626,物流快，包装好，要再炒老一点就更香了！
2627,太小了。还可以
2628,不错，己经是第二次购买了。
2629,可以挺香的
2630,好吃好吃，吃完还买
2631,一如既往好
2632,好吃.很香
2633,非常好吃
2634,不错很好
2635,非常好吃
2636,付款了至今没有收到货。
2637,就这样吧
2638,很好！我这是第二次购买
2639,非常满意，吃完再来。
2640,为什么第二次买的不香了？
2641,此用户没有填写评论!
2642,一如既往地好
2643,继续五星好评！
2644,好吃又香又干净！
2645,可以，就是拿快递比较远
2646,物流快，包装好，要再炒老一点就更香了！
2647,太小了。还可以
2648,不错，己经是第二次购买了。
2649,可以挺香的
2650,好吃好吃，吃完还买
2651,一如既往好
2652,好吃.很香
2653,非常好吃
2654,不错很好
2655,非常好吃
2656,付款了至今没有收到货。
2657,就这样吧
2658,很好！我这是第二次购买
2659,非常满意，吃完再来。
2660,为什么第二次买的不香了？
2661,此用户没有填写评论!
2662,一如既往地好
2663,继续五星好评！
2664,好吃又香又干净！
2665,可以，就是拿快递比较远
2666,物流快，包装好，要再炒老一点就更香了！
2667,太小了。还可以
2668,不错，己经是第二次购买了。
2669,可以挺香的
2670,好吃好吃，吃完还买
2671,一如既往好
2672,好吃.很香
2673,非常好吃
2674,不错很好
2675,非常好吃
2676,付款了至今没有收到货。
2677,就这样吧
2678,很好！我这是第二次购买
2679,非常满意，吃完再来。
2680,为什么第二次买的不香了？
2681,此用户没有填写评论!
2682,一如既往地好
2683,继续五星好评！
2684,好吃又香又干净！
2685,可以，就是拿快递比较远
2686,物流快，包装好，要再炒老一点就更香了！
2687,太小了。还可以
2688,不错，己经是第二次购买了。
2689,可以挺香的
2690,好吃好吃，吃完还买
2691,一如既往好
2692,好吃.很香
2693,非常好吃
2694,不错很好
2695,非常好吃
2696,付款了至今没有收到货。
2697,就这样吧
2698,很好！我这是第二次购买
2699,非常满意，吃完再来。
2700,为什么第二次买的不香了？
2701,此用户没有填写评论!
2702,一如既往地好
2703,继续五星好评！
2704,好吃又香又干净！
2705,可以，就是拿快递比较远
2706,物流快，包装好，要再炒老一点就更香了！
2707,太小了。还可以
2708,不错，己经是第二次购买了。
2709,可以挺香的
2710,好吃好吃，吃完还买
2711,一如既往好
2712,好吃.很香
2713,非常好吃
2714,不错很好
2715,非常好吃
2716,付款了至今没有收到货。
2717,就这样吧
2718,很好！我这是第二次购买
2719,非常满意，吃完再来。
2720,为什么第二次买的不香了？
2721,此用户没有填写评论!
2722,一如既往地好
2723,继续五星好评！
2724,好吃又香又干净！
2725,可以，就是拿快递比较远
2726,物流快，包装好，要再炒老一点就更香了！
2727,太小了。还可以
2728,不错，己经是第二次购买了。
2729,可以挺香的
2730,好吃好吃，吃完还买
2731,一如既往好
2732,好吃.很香
2733,非常好吃
2734,不错很好
2735,非常好吃
2736,付款了至今没有收到货。
2737,就这样吧
2738,很好！我这是第二次购买
2739,非常满意，吃完再来。
2740,为什么第二次买的不香了？
2741,此用户没有填写评论!
2742,一如既往地好
2743,继续五星好评！
2744,好吃又香又干净！
2745,可以，就是拿快递比较远
2746,物流快，包装好，要再炒老一点就更香了！
2747,太小了。还可以
2748,不错，己经是第二次购买了。
2749,可以挺香的
2750,好吃好吃，吃完还买
2751,一如既往好
2752,好吃.很香
2753,非常好吃
2754,不错很好
2755,非常好吃
2756,付款了至今没有收到货。
2757,就这样吧
2758,很好！我这是第二次购买
2759,非常满意，吃完再来。
2760,为什么第二次买的不香了？
2761,此用户没有填写评论!
2762,一如既往地好
2763,继续五星好评！
2764,好吃又香又干净！
2765,可以，就是拿快递比较远
2766,物流快，包装好，要再炒老一点就更香了！
2767,太小了。还可以
2768,不错，己经是第二次购买了。
2769,可以挺香的
2770,好吃好吃，吃完还买
2771,一如既往好
2772,好吃.很香
2773,非常好吃
2774,不错很好
2775,非常好吃
2776,付款了至今没有收到货。
2777,就这样吧
2778,很好！我这是第二次购买
2779,非常满意，吃完再来。
2780,为什么第二次买的不香了？
2781,此用户没有填写评论!
2782,一如既往地好
2783,继续五星好评！
2784,好吃又香又干净！
2785,可以，就是拿快递比较远
2786,物流快，包装好，要再炒老一点就更香了！
2787,太小了。还可以
2788,不错，己经是第二次购买了。
2789,可以挺香的
2790,好吃好吃，吃完还买
2791,一如既往好
2792,好吃.很香
2793,非常好吃
2794,不错很好
2795,非常好吃
2796,付款了至今没有收到货。
2797,就这样吧
2798,很好！我这是第二次购买
2799,非常满意，吃完再来。
2800,为什么第二次买的不香了？
2801,此用户没有填写评论!
2802,一如既往地好
2803,继续五星好评！
2804,好吃又香又干净！
2805,可以，就是拿快递比较远
2806,物流快，包装好，要再炒老一点就更香了！
2807,太小了。还可以
2808,不错，己经是第二次购买了。
2809,可以挺香的
2810,好吃好吃，吃完还买
2811,一如既往好
2812,好吃.很香
2813,非常好吃
2814,不错很好
2815,非常好吃
2816,付款了至今没有收到货。
2817,就这样吧
2818,很好！我这是第二次购买
2819,非常满意，吃完再来。
2820,为什么第二次买的不香了？
2821,此用户没有填写评论!
2822,一如既往地好
2823,继续五星好评！
2824,好吃又香又干净！
2825,可以，就是拿快递比较远
2826,物流快，包装好，要再炒老一点就更香了！
2827,太小了。还可以
2828,不错，己经是第二次购买了。
2829,可以挺香的
2830,好吃好吃，吃完还买
2831,一如既往好
2832,好吃.很香
2833,非常好吃
2834,不错很好
2835,非常好吃
2836,付款了至今没有收到货。
2837,就这样吧
2838,很好！我这是第二次购买
2839,非常满意，吃完再来。
2840,为什么第二次买的不香了？
2841,此用户没有填写评论!
2842,一如既往地好
2843,继续五星好评！
2844,好吃又香又干净！
2845,可以，就是拿快递比较远
2846,物流快，包装好，要再炒老一点就更香了！
2847,太小了。还可以
2848,不错，己经是第二次购买了。
2849,可以挺香的
2850,好吃好吃，吃完还买
2851,一如既往好
2852,好吃.很香
2853,非常好吃
2854,不错很好
2855,非常好吃
2856,付款了至今没有收到货。
2857,就这样吧
2858,很好！我这是第二次购买
2859,非常满意，吃完再来。
2860,为什么第二次买的不香了？
2861,此用户没有填写评论!
2862,一如既往地好
2863,继续五星好评！
2864,好吃又香又干净！
2865,可以，就是拿快递比较远
2866,物流快，包装好，要再炒老一点就更香了！
2867,太小了。还可以
2868,不错，己经是第二次购买了。
2869,可以挺香的
2870,好吃好吃，吃完还买
2871,一如既往好
2872,好吃.很香
2873,非常好吃
2874,不错很好
2875,非常好吃
2876,付款了至今没有收到货。
2877,就这样吧
2878,很好！我这是第二次购买
2879,非常满意，吃完再来。
2880,为什么第二次买的不香了？
2881,此用户没有填写评论!
2882,一如既往地好
2883,继续五星好评！
2884,好吃又香又干净！
2885,可以，就是拿快递比较远
2886,物流快，包装好，要再炒老一点就更香了！
2887,太小了。还可以
2888,不错，己经是第二次购买了。
2889,可以挺香的
2890,好吃好吃，吃完还买
2891,一如既往好
2892,好吃.很香
2893,非常好吃
2894,不错很好
2895,非常好吃
2896,付款了至今没有收到货。
2897,就这样吧
2898,很好！我这是第二次购买
2899,非常满意，吃完再来。
2900,为什么第二次买的不香了？
2901,此用户没有填写评论!
2902,一如既往地好
2903,继续五星好评！
2904,好吃又香又干净！
2905,可以，就是拿快递比较远
2906,物流快，包装好，要再炒老一点就更香了！
2907,太小了。还可以
2908,不错，己经是第二次购买了。
2909,可以挺香的
2910,好吃好吃，吃完还买
2911,一如既往好
2912,好吃.很香
2913,非常好吃
2914,不错很好
2915,非常好吃
2916,付款了至今没有收到货。
2917,就这样吧
2918,很好！我这是第二次购买
2919,非常满意，吃完再来。
2920,为什么第二次买的不香了？
2921,此用户没有填写评论!
2922,一如既往地好
2923,继续五星好评！
2924,好吃又香又干净！
2925,可以，就是拿快递比较远
2926,物流快，包装好，要再炒老一点就更香了！
2927,太小了。还可以
2928,不错，己经是第二次购买了。
2929,可以挺香的
2930,好吃好吃，吃完还买
2931,一如既往好
2932,好吃.很香
2933,非常好吃
2934,不错很好
2935,非常好吃
2936,付款了至今没有收到货。
2937,就这样吧
2938,很好！我这是第二次购买
2939,非常满意，吃完再来。
2940,为什么第二次买的不香了？
2941,此用户没有填写评论!
2942,一如既往地好
2943,继续五星好评！
2944,好吃又香又干净！
2945,可以，就是拿快递比较远
2946,物流快，包装好，要再炒老一点就更香了！
2947,太小了。还可以
2948,不错，己经是第二次购买了。
2949,可以挺香的
2950,好吃好吃，吃完还买
2951,一如既往好
2952,好吃.很香
2953,非常好吃
2954,不错很好
2955,非常好吃
2956,付款了至今没有收到货。
2957,就这样吧
2958,很好！我这是第二次购买
2959,非常满意，吃完再来。
2960,为什么第二次买的不香了？
2961,此用户没有填写评论!
2962,一如既往地好
2963,继续五星好评！
2964,好吃又香又干净！
2965,可以，就是拿快递比较远
2966,物流快，包装好，要再炒老一点就更香了！
2967,太小了。还可以
2968,不错，己经是第二次购买了。
2969,可以挺香的
2970,好吃好吃，吃完还买
2971,一如既往好
2972,好吃.很香
2973,非常好吃
2974,不错很好
2975,非常好吃
2976,付款了至今没有收到货。
2977,就这样吧
2978,很好！我这是第二次购买
2979,非常满意，吃完再来。
2980,为什么第二次买的不香了？
2981,此用户没有填写评论!
2982,一如既往地好
2983,继续五星好评！
2984,好吃又香又干净！
2985,可以，就是拿快递比较远
2986,物流快，包装好，要再炒老一点就更香了！
2987,太小了。还可以
2988,不错，己经是第二次购买了。
2989,可以挺香的
2990,好吃好吃，吃完还买
2991,一如既往好
2992,好吃.很香
2993,非常好吃
2994,不错很好
2995,非常好吃
2996,付款了至今没有收到货。
2997,就这样吧
2998,很好！我这是第二次购买
2999,非常满意，吃完再来。
3000,为什么第二次买的不香了？
3001,此用户没有填写评论!
3002,一如既往地好
3003,继续五星好评！
3004,好吃又香又干净！
3005,可以，就是拿快递比较远
3006,物流快，包装好，要再炒老一点就更香了！
3007,太小了。还可以
3008,不错，己经是第二次购买了。
3009,可以挺香的
3010,好吃好吃，吃完还买
3011,一如既往好
3012,好吃.很香
3013,非常好吃
3014,不错很好
3015,非常好吃
3016,付款了至今没有收到货。
3017,就这样吧
3018,很好！我这是第二次购买
3019,非常满意，吃完再来。
3020,为什么第二次买的不香了？
3021,此用户没有填写评论!
3022,一如既往地好
3023,继续五星好评！
3024,好吃又香又干净！
3025,可以，就是拿快递比较远
3026,物流快，包装好，要再炒老一点就更香了！
3027,太小了。还可以
3028,不错，己经是第二次购买了。
3029,可以挺香的
3030,好吃好吃，吃完还买
3031,一如既往好
3032,好吃.很香
3033,非常好吃
3034,不错很好
3035,非常好吃
3036,付款了至今没有收到货。
3037,就这样吧
3038,很好！我这是第二次购买
3039,非常满意，吃完再来。
3040,为什么第二次买的不香了？
3041,此用户没有填写评论!
3042,一如既往地好
3043,继续五星好评！
3044,好吃又香又干净！
3045,可以，就是拿快递比较远
3046,物流快，包装好，要再炒老一点就更香了！
3047,太小了。还可以
3048,不错，己经是第二次购买了。
3049,可以挺香的
3050,好吃好吃，吃完还买
3051,一如既往好
3052,好吃.很香
3053,非常好吃
3054,不错很好
3055,非常好吃
3056,付款了至今没有收到货。
3057,就这样吧
3058,很好！我这是第二次购买
3059,非常满意，吃完再来。
3060,为什么第二次买的不香了？
3061,此用户没有填写评论!
3062,一如既往地好
3063,继续五星好评！
3064,好吃又香又干净！
3065,可以，就是拿快递比较远
3066,物流快，包装好，要再炒老一点就更香了！
3067,太小了。还可以
3068,不错，己经是第二次购买了。
3069,可以挺香的
3070,好吃好吃，吃完还买
3071,一如既往好
3072,好吃.很香
3073,非常好吃
3074,不错很好
3075,非常好吃
3076,付款了至今没有收到货。
3077,就这样吧
3078,很好！我这是第二次购买
3079,非常满意，吃完再来。
3080,为什么第二次买的不香了？
3081,此用户没有填写评论!
3082,一如既往地好
3083,继续五星好评！
3084,好吃又香又干净！
3085,可以，就是拿快递比较远
3086,物流快，包装好，要再炒老一点就更香了！
3087,太小了。还可以
3088,不错，己经是第二次购买了。
3089,可以挺香的
3090,好吃好吃，吃完还买
3091,一如既往好
3092,好吃.很香
3093,非常好吃
3094,不错很好
3095,非常好吃
3096,付款了至今没有收到货。
3097,就这样吧
3098,很好！我这是第二次购买
3099,非常满意，吃完再来。
3100,为什么第二次买的不香了？
3101,此用户没有填写评论!
3102,一如既往地好
3103,继续五星好评！
3104,好吃又香又干净！
3105,可以，就是拿快递比较远
3106,物流快，包装好，要再炒老一点就更香了！
3107,太小了。还可以
3108,不错，己经是第二次购买了。
3109,可以挺香的
3110,好吃好吃，吃完还买
3111,一如既往好
3112,好吃.很香
3113,非常好吃
3114,不错很好
3115,非常好吃
3116,付款了至今没有收到货。
3117,就这样吧
3118,很好！我这是第二次购买
3119,非常满意，吃完再来。
3120,为什么第二次买的不香了？
3121,此用户没有填写评论!
3122,一如既往地好
3123,继续五星好评！
3124,好吃又香又干净！
3125,可以，就是拿快递比较远
3126,物流快，包装好，要再炒老一点就更香了！
3127,太小了。还可以
3128,不错，己经是第二次购买了。
3129,可以挺香的
3130,好吃好吃，吃完还买
3131,一如既往好
3132,好吃.很香
3133,非常好吃
3134,不错很好
3135,非常好吃
3136,付款了至今没有收到货。
3137,就这样吧
3138,很好！我这是第二次购买
3139,非常满意，吃完再来。
3140,为什么第二次买的不香了？
3141,此用户没有填写评论!
3142,一如既往地好
3143,继续五星好评！
3144,好吃又香又干净！
3145,可以，就是拿快递比较远
3146,物流快，包装好，要再炒老一点就更香了！
3147,太小了。还可以
3148,不错，己经是第二次购买了。
3149,可以挺香的
3150,好吃好吃，吃完还买
3151,一如既往好
3152,好吃.很香
3153,非常好吃
3154,不错很好
3155,非常好吃
3156,付款了至今没有收到货。
3157,就这样吧
3158,很好！我这是第二次购买
3159,非常满意，吃完再来。
3160,为什么第二次买的不香了？
3161,此用户没有填写评论!
3162,一如既往地好
3163,继续五星好评！
3164,好吃又香又干净！
3165,可以，就是拿快递比较远
3166,物流快，包装好，要再炒老一点就更香了！
3167,太小了。还可以
3168,不错，己经是第二次购买了。
3169,可以挺香的
3170,好吃好吃，吃完还买
3171,一如既往好
3172,好吃.很香
3173,非常好吃
3174,不错很好
3175,非常好吃
3176,付款了至今没有收到货。
3177,就这样吧
3178,很好！我这是第二次购买
3179,非常满意，吃完再来。
3180,为什么第二次买的不香了？
3181,此用户没有填写评论!
3182,一如既往地好
3183,继续五星好评！
3184,好吃又香又干净！
3185,可以，就是拿快递比较远
3186,物流快，包装好，要再炒老一点就更香了！
3187,太小了。还可以
3188,不错，己经是第二次购买了。
3189,可以挺香的
3190,好吃好吃，吃完还买
3191,一如既往好
3192,好吃.很香
3193,非常好吃
3194,不错很好
3195,非常好吃
3196,付款了至今没有收到货。
3197,就这样吧
3198,很好！我这是第二次购买
3199,非常满意，吃完再来。
3200,为什么第二次买的不香了？
3201,此用户没有填写评论!
3202,一如既往地好
3203,继续五星好评！
3204,好吃又香又干净！
3205,可以，就是拿快递比较远
3206,物流快，包装好，要再炒老一点就更香了！
3207,太小了。还可以
3208,不错，己经是第二次购买了。
3209,可以挺香的
3210,好吃好吃，吃完还买
3211,一如既往好
3212,好吃.很香
3213,非常好吃
3214,不错很好
3215,非常好吃
3216,付款了至今没有收到货。
3217,就这样吧
3218,很好！我这是第二次购买
3219,非常满意，吃完再来。
3220,为什么第二次买的不香了？
3221,此用户没有填写评论!
3222,一如既往地好
3223,继续五星好评！
3224,好吃又香又干净！
3225,可以，就是拿快递比较远
3226,物流快，包装好，要再炒老一点就更香了！
3227,太小了。还可以
3228,不错，己经是第二次购买了。
3229,可以挺香的
3230,好吃好吃，吃完还买
3231,一如既往好
3232,好吃.很香
3233,非常好吃
3234,不错很好
3235,非常好吃
3236,付款了至今没有收到货。
3237,就这样吧
3238,很好！我这是第二次购买
3239,非常满意，吃完再来。
3240,为什么第二次买的不香了？
3241,此用户没有填写评论!
3242,一如既往地好
3243,继续五星好评！
3244,好吃又香又干净！
3245,可以，就是拿快递比较远
3246,物流快，包装好，要再炒老一点就更香了！
3247,太小了。还可以
3248,不错，己经是第二次购买了。
3249,可以挺香的
3250,好吃好吃，吃完还买
3251,一如既往好
3252,好吃.很香
3253,非常好吃
3254,不错很好
3255,非常好吃
3256,付款了至今没有收到货。
3257,就这样吧
3258,很好！我这是第二次购买
3259,非常满意，吃完再来。
3260,为什么第二次买的不香了？
3261,此用户没有填写评论!
3262,一如既往地好
3263,继续五星好评！
3264,好吃又香又干净！
3265,可以，就是拿快递比较远
3266,物流快，包装好，要再炒老一点就更香了！
3267,太小了。还可以
3268,不错，己经是第二次购买了。
3269,可以挺香的
3270,好吃好吃，吃完还买
3271,一如既往好
3272,好吃.很香
3273,非常好吃
3274,不错很好
3275,非常好吃
3276,付款了至今没有收到货。
3277,就这样吧
3278,很好！我这是第二次购买
3279,非常满意，吃完再来。
3280,为什么第二次买的不香了？
3281,此用户没有填写评论!
3282,一如既往地好
3283,继续五星好评！
3284,好吃又香又干净！
3285,可以，就是拿快递比较远
3286,物流快，包装好，要再炒老一点就更香了！
3287,太小了。还可以
3288,不错，己经是第二次购买了。
3289,可以挺香的
3290,好吃好吃，吃完还买
3291,一如既往好
3292,好吃.很香
3293,非常好吃
3294,不错很好
3295,非常好吃
3296,付款了至今没有收到货。
3297,就这样吧
3298,很好！我这是第二次购买
3299,非常满意，吃完再来。
