name,sex,sign,content
嘉澜柯仙怡,女,,鬼怪真的是我到现在还心动到不行的韩剧，秋冬真的必看的，我太喜欢了！！！（小声说一句，我其实一直没看结局😂）
声声嫚,女,,一到冬天就会想起来的剧呀 温暖到能给人力量 这么说吧 只要你喜欢鬼怪我们就是朋友[热词系列_吹爆]
mamacita-L,女,风吹云不散，长久郎相伴.❤️,我一直觉得小新娘最后肯定成天使了。$$①金信家密码1004，和韩语中的天使发音相似。$$②金信，池恩倬，阿使去“偶遇”sunny买烤红薯的时候，说阿使那天的灰白系穿搭是天使主题，那天池恩倬的穿搭和阿使一样，也是灰白系的。$$③池恩倬为了救那群孩子，开车挡住了那辆后退的车，她去世后，大家看新闻知道了这件事，都说池恩倬是一位像天使一样的人。$$所以我一直坚信，池恩倬后来一定成为了天使和鬼怪永远在一起了.[保佑]
杆菌发酵,女,,特别适合冬天窝在被窝里反复刷的剧
靓仔路过0730,女,,2020了我的最爱还是鬼怪[大哭]感谢up，电脑全屏播放▶️每一帧都是绝美壁纸
那只帅猫miao,女,哟,2020.2.29还在坑底
语爱事,女,静待篱归,第一部入坑韩剧，鬼怪和他的新娘，地狱使者和sunny
宋承皖,女,所谓成长，就是敢于面对曾经不敢直视的过往。所以曾经剪过陆地的太太们，留着视频的我都不会取关。以此纪念我们共同经历过的风雨岁月。于2020。,鬼怪大热的时候没看，以为只是那种普通的好剧。某个暑假补完，然后就变成了心里的白月光。它有一种让我相信和期待神的存在的力量。
白蓝豆,女,钻了一堆井，没有一口出油。,2020年了，还有阿婆在剪鬼怪，开心～感动～前段时候刚刚重温过～！
3jian9,女, ,这可能是我看过剪的最好的鬼怪了
不能吃饱的小应同学,女,346寝传统，吃饱了会上头,当年太爱鬼怪，我用BGM当来电铃声和闹钟。。。以至于我现在一听见这音乐就心慌。。。很慌。。。。就别人一放这个歌我就喘不过气[捂脸]$后来乖了，不要拿喜欢的歌当铃声，会害怕。。。
卿眠意,女,那就一起头也不回地朝着光亮走下去吧,我很喜欢有一个翻译是：此生遇见你，无与伦比
木肆菌,女,@王嘉尔 是我的心肝,鬼怪真的是构图很好的韩剧！！！！up的剪辑调色也超级棒！！！我今年冬天终于把鬼怪看完啦！！！[热词系列_吹爆]
重溱w,男,,其实编剧在第一集就告诉了我们结局，鬼怪和他的新娘第一次见面就在雨中看到了他们未来，还有他们第一次去魁北克，新娘在山坡上找到了他，与最后一集首尾呼应，编剧的浪漫啊！！
木木子fanny,保密,懒人出没,啊啊啊我觉得这部剧就是韩剧中的步步尽心，播的时候也很火，但和其他火的韩剧比起来后劲最大非常值得回味
小啵和小歪吖,女,快落营业。˭̡̞(◞⁎˃ᆺ˂)◞₎₎=͟͟͞͞˳,2020年了，我还是好爱鬼怪[大哭]
陪我饮酒吗,保密,杠精别来烦我,好甜好甜  期待今年金高银的新剧嘿嘿
39953561546_bili,保密,,up可以把最经典的那几句台词剪上哦，比如“跟你在一起的时光都很耀眼，因为天气很好，因为天气不好，因为天气刚刚好，每一天，都很美好。”[呲牙]一点小观点，只是感觉很多剧中的台词会让人更加心动[tv_害羞]
悬崖上的垃姬,女,喜剪频 喜qq‖禁二改二传 软件pr‖别催 肝不行 ,排版调色都好美哦 每一帧都是封面吧
楠小兔iii,女,啥都吃一点,剪的好好，鬼怪真的是我的人生剧了，每年冬天都要看一遍[大哭]
Ata蜉蝣,女,灵魂,超级想问一句：哪里有这么高画质的资源？[呲牙]
王羲之的鹅鹅鹅,女,放浪不羁,鬼怪是16年的剧。想当初我还在上初一，在老姐手机上看到了预告片。我当时指着一身黑的李栋旭说：“这是哪个男人？这么帅！”[喜极而泣]当时还在上初一，我没有手机，每周周末回家都会缠着老姐把手机给我我好看鬼怪，那个时候鬼怪真的就是我除了作业以外最深的渴望。现在2020年了，都快4年过去了，看到up剪辑的鬼怪依旧是那么心动[tv_害羞]
阳光笑的洛塔,保密,,一直在坑底！我爱鬼怪夫妇！也爱使者夫妇！
肥崽星星,保密,学习减肥第一的女孩,我心里永远的top1，都不知道刷了多少次了
辞时有鎽,保密,Only you,鬼怪是我到目前为止仍还喜欢的一部剧！！！
奶盖超甜aaa,保密,,绝了绝了全程壁纸
秋涩啊,女,^_^,每年必追一遍，总之一句话这是我看过最棒的电视剧，也因为一个片段我爱上了加拿大
Rain陆清秋,保密,,少主的剪辑调色好好看！没看过鬼怪也有去看看的想法了
二十七号当铺,保密,。,排版好看   剪辑完美，色调完美！$听说2.29 适合表白， 5分21秒有心了。我永远爱鬼怪！[爱心][爱心]
zerolinling,保密,,我心中的韩剧top1，一直没被超越过，从来不二刷剧的我，每年重刷一遍依然不腻。男女主都不是让人很惊艳的颜，核心主线也是典型的爱情剧，可以依然这么该死的甜美上头。
自家菇凉,女,目之所及，心之所向，永生难忘,아저씨 사랑해요[害羞][害羞][害羞]
勝囍xixi,女,快快努力吧,冬天看鬼怪 春天也要看鬼怪 四季都要看鬼怪
宋承皖,女,所谓成长，就是敢于面对曾经不敢直视的过往。所以曾经剪过陆地的太太们，留着视频的我都不会取关。以此纪念我们共同经历过的风雨岁月。于2020。,视频和剧一样，做得精致温暖，少主更厉害了[打call]
喵喵喵咕酱丫丫,保密,,看多少遍都忍不住心动的小甜剧鸭，鬼怪大叔霸气的一面，可爱的一面，小表情太生动啦，演技炸裂，为孔刘打call[喜欢][喜欢][喜欢]
李协的正式女友,女,网易云电台:N.Flying一直到八十岁,哇想起那段时间整天看鬼怪 每天孔刘孔刘的[笑哭]好怀念 真的是很好的电视剧 能让人记得的电视剧
不灭的绚烂烟花,保密,,女主的悲伤被我留在心里了[笑哭][笑哭]
陪我饮酒吗,保密,杠精别来烦我,我发现我都不记得剧情了 罪过罪过
朱什么娟,保密,2019我的年度老公：孔刘！,首页通知书！太美了吧！我爱阿加西！
葡繁星,男,,女主不是韩国主流的惊艳，但绝对耐看
冬眠的阿托品,女,生命在于学习，不要阻止我学习,感谢up，2020还有这么棒的鬼怪！
亓暮_,女,桃李春风一杯酒    江湖夜雨十年灯,孤独是我  灿烂因你
想吃扭扭薯条,保密,小闪！卷西！扎叔！卷福！,我爱鬼怪！！有生之年想看鬼怪夫妇再合作！
易烊千玺的小螃蟹鸭,女,脚踏实地很俗气，可是我愿意,最爱的韩剧没有之一[星星眼][星星眼][星星眼]
334460045,保密,,帧帧美如画，最爱是鬼怪[热词系列_吹爆]
我就想升级,女,吃喜欢的东西，过短命的人生。$,没想到2020年还有人搞鬼怪，太爱了集美们真的有眼光[鼓掌]
笨羊咩咩,保密,禁嘴臭憨批❌,2020年了 又是一年冬春鬼怪时节[爱心]
喵屿森森,女,余生很长，何必慌张,这踩点太爱少主了，2020年了，我还在鬼怪坑里还没有出来[笑哭][笑哭][笑哭]
热爱艺术的小青,保密,祝大家生活愉快~在网络上友爱一些哦~,一直听但不知道什么样的剧，知道看了他人即地狱才知道这部，准备……看[鼓掌]
Leon_Fight,保密,,建议大佬以后加自己的水印之类的，不然这么好的作品被别人盗了真的太可惜
相忘于心别介意,保密,,不管看了多少韩剧，鬼怪在我这里真的永远第一！！
黎废mi,女,宋姳大狗子在此,看完你这剪辑，我又打算才去刷一遍
哆啦小布兜,保密,分享觉得有意思的东东，用我的眼睛带你看世界，爱小动物，爱影视，喜欢科学，持续日更～请大家多多关注点赞，关注不走丢哦(´-ω-`),up怎么剪的啊？出个教程。。
患者陆耳机,女,"Morty ,I'm a pickle,Pickle Rick！！！",每一个画面截图都是壁纸！！
fgo令人秃头,女,,"질량의 크기는 부피와 비례하지 않는다.$　　质量和体积不成正比。$　　제비꽃같은 조그마한 그 계집애가$　　那个如紫罗兰般小巧的丫头，$　　꽃잎같이 하늘거리는 그 계집애가$　　那个似花瓣般轻曳的丫头，$　　지구보다 더 큰 질량으로 나를 끌어당긴다.$　　以远超过地球的质量吸引着我。$　　순간, 나는$　　一瞬间，我$　　뉴턴의 사과처럼$　　如同牛顿的苹果一样，$　　사정없이 그녀에게로 굴러 떨어졌다.$　　不受控制地滚落在她脚下。$　　쿵 소리를 내며$　　咚的一声，$　　쿵쿵 소리를 내며$　　咚咚一声，$　　심장이 하늘에서 땅까지 아찔한 진자 운동을 계속하였다.$　　从天空到大地，心脏在持续着令人眩晕的摆动。$　　첫사랑이었다.$　　那是初恋。"
朱一龙夫人阿梓,女,千山万重，不负卿$微博同名 朱一龙夫人阿梓,金高银欧尼和孔叔，我好想站真人cp啊，可是孔叔是公有财产呜呜呜
爱辛赵的大头,保密,宋大志，辛赵不宣，bz。不会搞视频只会弹幕啊啊啊啊啊啊啊。小白码字，暂时封笔。不会搞B站，瞎玩。,对了这个每一帧都可以当做明信片！太好看了www！
一个扭蛋机,女,叭了个叭叭,bgm和色调爱了[爱心]
十九粒米,保密,,2020年了 我的眼泪哗啦啦的 我永远喜欢鬼怪
Oliviasen,保密,,鬼怪后劲太大了
凉笙呀诶,女,,17年到现在 看了好几遍了 2020年了还在坑底 我出不去了[笑哭][笑哭][笑哭]
小旻e的正房夫人,保密,闪烁的星光点亮朦胧灯光的建筑,鬼怪每一帧都是壁纸啊
Leon_Fight,保密,,20200302就已经1.6w赞1.2w硬币1.3w收藏，剪的是真的好
梦不醒的瞌睡虫,保密,IDOL.,啊啊啊鬼怪，爱死了，那年冬天追剧
可乐鸭w,保密,,真的是一到冬天就想看的剧呀。$希望今年冬天可以和你一起看。
FionaLinW,女,念念不忘 必有回响,是我内心韩剧TOP1啊！！！是每到冬日都会想起的神剧啊！！喜欢里面的每一句台词每一帧画面，喜欢使者喜欢sunny喜欢阿加西喜欢小新娘，我真的太爱这部剧了！！！
神树下的小疯子,保密,,鬼怪当时最开始播的时候，我一边看一边跟闺蜜探讨国产剧的不足【其实主要是在抱怨[捂脸]】
-文涵,女,越努力 越幸运,时长好美妙啊
LifeIsGood_,女,成都天堂担,一下子就想到那个初雪要有初吻呀阿加西
只有一个酒窝的猫,女,爱好自由，特点散漫。,仿佛回到了当初追剧的时光，心空得不行。[爱心][爱心]
13184094756_bili,保密,,啊啊啊啊啊啊啊啊，我爱看鬼怪！！
稀星藏目,保密,专注产粮的up主一枚，欢迎关注~,你太强了！献上三连！
北冥大橘,保密,您的快乐正在派送中……,哪里可以看到这么高清的画质[doge]
椰子小姐ya,保密,,剪的太好了，必须给个一键三连
忘忧草king,保密,正在进击中的剪辑小白，同时狮子粉一个(◍˃̶ᗜ˂̶◍)✩,如果让我评论的话，我心中有两个大爱的韩剧：1.一到冬天就想起来的《鬼怪》$2.每个夏天都会刷一遍的《没关系，是爱情呀》
兰羽城,保密,,没想到2020年了，还能看到有人剪辑鬼怪[大哭]出不来坑了
不准偷西瓜,保密,,《鬼怪》永远作为最爱的韩剧在心底躺平[喜欢]
白茶xy清欢,保密,,刚在微博转发，就出现在我的B站首页上！
痛并快乐着321,保密,自从离开了家乡，我和我的琴都很想你。可是我没有琴，我也没有你。,金高银真的好漂亮啊哦莫
爱加两份珍珠的权司令,女,微博:烤奶爱加两份珍珠的权司令(一个爱瞎剪和专注剪魄的up主),我又想去重温了啊啊啊啊啊！！！！
fxresrt,女,UNINE 卡咩 BTS,剪得好棒呀~我永远爱鬼怪！
伊笹少女yu,女,,韩剧TV可以看，超级喜欢
妄年妹妹,女,Just be afraid of losing you.,up太棒了！看哭了
猫弦玲,保密,沉迷居北无法自拔,时长还是521，我可太爱这部剧了，剪得真好，字幕排版也好看，神仙up
爱里里里里N,保密,,这应该是我后劲最大的一部韩剧了
长颈鹿and鲸,女,熙来攘往，华灯初上,冬天真的是看鬼怪的季节
樱翯07,女,2006年入韩圈至今$F(VALK)$SVT,2020了我还在磕鬼怪和小新娘
Crush_lz,女,,这个调色我真的爱了
一只露馅的小豆包,女,喵喵喵,up剪的太好辣！！调色超棒der！！
舅母的沉香,保密,,有没有哪位姐妹有完整版的资源！求私！我三刷了！每次刷的还是不完整版！[大哭]心好痛哦！
恬雪凌萧,女,,这个剧一直没看，但是歌一直在听[喜极而泣]
Chameleon罢了,女,为了不神秘我要写点什么,真的想永远停留在那个冬季[爱心]
JT7Mirrors,保密,啦啦啦~,剪辑得好棒 。好美[喜欢][喜欢][喜欢]
15822819944_bili,保密,,此bgm一出，必跪
浣柔2000,保密,情不知所起，一往而深,最爱的一部韩剧啊！！！！
无猫一族,保密,盐与律己，甜以待人,封面看成了鬼夫怪妇[tv_目瞪口呆]
吃遍乐事所有味道,保密,Life is a journey.,521有心了[鸡腿]
女王的蓬蓬君,保密,等我瘦到55公斤就考虑谈恋爱，瘦不到我就胖着一个人开开心心，嘻嘻～,一没东西我就看的剧 我爱鬼怪夫妇呜呜呜
茕之鹿兮,女,不以物喜，不以己悲。,从开播到现在一直都完完整整地躺在坑底 每年冬天都看
折扇呜啦呜,女,嗑cp特别爽，一直嗑一直爽！！,woc好棒！！！！！
果沐君,保密,,太喜欢了，所以我已经用了好几年现在的头像了
轻尘如埃,保密,＠(￣-￣)＠,(=・ω・=)你拥有了一个赞和两个圆圆的东西
取名字是一件复杂的事,保密,,公元202年了！！！我还没出来
萤火丿,男,世界和平,爱了[爱心][爱心][爱心][爱心][爱心][爱心]
胖鱼要做摘星靓女,女,,调色绝美!少主牛逼!表白鬼怪全员以及烈烈!
花田SM的虎砸呀,女,虎砸:朴灿烈怀中宝，整个sm大花田都是我的，嘿嘿嘿。,真的是我最喜欢的韩剧！没有之一！
世间皆苦呀,女,璇儿哥的白月光,我对韩剧的印象还一直停留在鬼怪阶段。
隔壁哈哈哈哈哈,女,哈哈哈哈哈哈哈哈哈哈,地狱使者金宇彬:终究是我不配有姓名[嫌弃][酸了]（一jio踹翻狗粮并且骂骂咧咧地走开）
Oudcci,保密,祝我们都各自拥有美好明天。,遇到你的这一生，是奖赏。
梅子四季春,保密,莫得感情,鬼怪夫妇！！！
想吃布丁啊,女,懒狗,我爆哭啊啊啊啊他们太好了
不开门滴小兔子,保密,,棒啊啊啊啊超喜欢啦[支持][支持][支持][爱心][爱心][爱心]
TeFuir-白雾,保密,,我的冬日限定：鬼怪、糖炒栗子、烤红薯
丸子要好好努力,女,不有趣的灵魂120斤,我的天鸭
梁那個笙,保密,于是樱桃死在盛夏。,我鸡叫！！！鬼怪夫妇太绝了！
TiramiSu丶流光,男,一只有梦想分享快乐的UP^(*￣(oo)￣)^,平面很棒，剪辑节奏很nice
是呆冰鸭,保密,,这真的是目前为止，我见过的剪辑最好的👌，是我最爱的一部韩剧啊，up主大大太棒了[鼓掌]
Ailin0806,保密,,先投币再看
苦瓜幹燉魷魚須,女,路明非,因为这个视频 我要再去刷一遍鬼怪啦！
崂山公主,保密,布鲁布鲁布鲁,搞得我又要回去看一遍了
剑小纯哭出声,男,以剑问道.,首页啦，2020竟然还有人剪鬼怪，不是看见up视频我都忘记我以前看过这个了[偷笑]
乖媳妇工程快快快快,保密,,[热词系列_三连]
薄荷味杜松子酒,女,得到的全是侥幸 失去的全是人生  $$最喜欢的阿婆主 nya酱 爱普罗西 吓十万 王博文 刘哔 徐大虾 $花花三猫$,太心动了切换bgm的时候
西蓝花酱,女,我爱b站游戏区(｡•́__ก̀｡),优质
西蓝花酱,女,我爱b站游戏区(｡•́__ก̀｡),太好看了
毓或未可,保密,,绝了这剪辑这画质这神仙cp啊啊啊啊啊妈妈我不行了妈妈我又可了！
风中有朵雪做的云,保密,知之为知之不知为不知是知也,百看不厌鬼怪呀
乐卿゜,保密,,我心里白月光
简婧九,女,醉后不知天在水，满船清梦压星河。,鬼怪真的是我心中最最最爱的白月光，至今在坑里，手机铃声也没换过，结局也很令人喜爱，他们永远永远不会分开了，真好。
霂生君,保密,嘿嘿嘿,至今是我心里的第一
许慕也,保密,,每一帧都可以截图做桌面啊！！！好用心！
马铃薯pian,保密,,看到釜山行男主就进来了...[妙啊]
跪舔颜狗,保密,,男主在女主怀里灰飞烟灭的时候真的泪目了
可乐味的兔子,女,略略略,永远爱
幼稚鬼息燃,保密,,up好棒啊
明媚如初,女,我舍不得丢掉过去的自己，而我也想埋葬她。,！！！！！！
明媚如初,女,我舍不得丢掉过去的自己，而我也想埋葬她。,我爱鬼怪
橘夕柚,女,,真的是第一部长久爱着的剧，每一次听到bgm，都不由自主想起剧情，心情会很好，很爱很爱的一部!为此还追了女主的奶酪陷阱。无法言说的喜欢，一直也想自己剪出短片，迟迟没有动手[笑哭]
几度泪落,女,万事胜意,永远永远喜欢鬼怪[大哭]
三三越,保密,,最爱的韩剧[爱心]
妄念宇宙,保密,,纯路人，以前一直听同学说b站很好，今天第一次下载来看了看，没想到刚一进入就发现了这个up的视频，这个up的视频质量是我从没见过的高。没想到，在当今这个浮躁的社会，竟然还能有人沉下心来做出一个个质量如此高的视频，泪目，白嫖了[doge]
挚爱小面包,女,就是个混吃混喝的大龄女青年,女主剩下的三世没有了，阿加西一个人该怎么办啊！看着女主出生长大衰老一次一次又一次……然后嘞，就剩他一个人了
伴瑞文等瑜洲,女,,小新娘歪着头笑着对大叔说“我喜欢你”的那一刹那，我就喜欢上小新娘了，那是第一次看鬼怪的时候，一瞬间，因为一个画面，喜欢上了这部剧
顾末拧,保密,,我要再去刷一遍！！！啊啊啊啊！这个调调我喜欢，好像全剧都是这个调调[喜欢][喜欢][喜欢][喜欢]
隔壁老王s版,保密,荣耀剑下取  均衡乱中求,我看的韩剧只有星星和鬼怪[喜欢]
仲夏夜的小尾巴,女,,我永远爱鬼怪！！不愧是我看了预告片就想追的剧[打call]从一开播就决定了我爱他呀！！！
吃土的鸭,女,taebts$j-hooope$脑can粉+杠精+dw远离我谢谢 ,这剧又甜又虐，bgm一起我都想哭，但是又想重温！！！
菟丝绒,保密,来吧 拆穿吧我的爱,哭了过了三年还有太太产出，希望现实中快成一对吧！！！
LovaJUSTin,保密,,集美我爱你！！！！！！！！！！！
火星来的蓝胖纸,保密,久しふﾞり 私はあなたを殺し. Die!,好好康！！
你的小张啊,保密,汤姆•费尔顿,看釜山行的时候就觉得男主好他喵man[doge][doge]又man又帅
不想再用原名了,保密,嘻嘻嘻,把它分享出去了！给少主打call[呲牙]
小猪佩奇1002,保密,,2020年了，我还躺在鬼怪的坑底[捂眼]
o栗子味的李子维o,保密,能让我打开pr的都是别人的爱情故事,看鬼怪前十集都想不通怎么弹幕全是二刷三刷的，看完....立马进入二刷
我的男神最好,保密,,还有一个点，三神奶奶在毕业典礼给女主送的花是棉花，棉花的花语有：母亲的爱……所以我也坚信女主变成了天使
暴比缇缇,保密,pljj我真的是太爱了,还是好爱鬼怪呀
83699703943_bili,保密,,剪的太好看了
麦唛克白,保密,,唯二吃的韩国cp[大哭][大哭][大哭]
蓝白5,保密,,BGM是什么
碗里有茶蛋,保密,,每年冬天必看，鬼怪居然已经是四年前的剧了，从播出到现在手机铃声一直是round and round，今年二月份时候已经开始十刷了，我真的太爱鬼怪了[大哭][大哭]
小林丧,女,要努力活下去啊,最爱还是我的鬼怪[大哭]
恩小宇,女,,我决定重刷
爱辛赵的大头,保密,宋大志，辛赵不宣，bz。不会搞视频只会弹幕啊啊啊啊啊啊啊。小白码字，暂时封笔。不会搞B站，瞎玩。,鬼怪一直是我心中韩剧top1！我三年手机铃都是stay with me以后还会一直用下去！整个色调超级舒服！衔接也超赞！阿婆太厉害了！必须三连！我想回顾鬼怪了www！！
岁哥鸽各个,保密,生活万岁$,问一下大家第二首bgm叫什么呀，一直找不到完整的声源
跃小逗,保密,抖音微博同名,[大哭]鬼怪
大盗睥睨四野,保密,很快乐的事没有$但这个世界真好,是我最喜欢的一部韩剧了
DEAN_SUGA,女,BTS.刘昊然.,2020了我也超爱鬼怪
春花秋月啊,女,小魔女到此一游，所到之处寸草不生,必须三连呀[热词系列_三连]
带着SA娇我哥来刷弹幕,女,sa娇赫宰的小老婆 赫儿的女票～,不得不说我已经看了不下10遍这个视频～真的是跟着回忆～太喜欢啦～
姐姐粉哦,保密,就是喜欢蔡徐坤,冬日必备哦😘😘😘
小小一只跳跳糖,保密,嘻嘻嘻嘻嘻,鬼怪心中韩剧top[呲牙]
bblady1314,保密,,想念孔叔鸭[大哭][大哭][大哭]
幸子拜托了丶,女,云想衣裳花想容，春风拂槛露华浓。,每年必看的剧，有笑有泪
羽亭yuting,保密,好好学习，天天向上。,初一看的我高二啦
泽莫男爵_,保密,能力有限，水平一般。,所以我永远无法接受鬼怪其他的拉郎，我只喜欢原配，因为原配就是绝好的[大哭]他们是这一辈子，下一辈子，下下辈子永永远远的互相救赎，是遇见你无与伦比的爱情啊[大哭]
阎祯,保密,老开闭村粉.生米一枚.现沉迷PD系列+梅溪湖.节操早已不在.荷包哭唧唧,微博的我来了（*/∇＼*）！！！！！
蟹味沙拉,保密,走自己的路,没看过剧的我已经看这个剪辑好多遍了，少主剪的视频看着真的好享受
橄榄绿_,保密,2016-6-23 14:02:39$追星狗，手帐小白，绘画小白，一只有猫的铲屎官。,这部剧真的是我最爱的一部韩剧了，表白鬼怪夫妇，神仙爱情啊
嵩嵩小靖,保密,,我永远吹爆少主！有你了不起！[支持][支持]
SKAMi2,保密,行到水穷处 坐看云起时,没看过 但听到bgm感觉好感动[大哭]
SKAMi2,保密,行到水穷处 坐看云起时,好的 我决定去看这部剧了
樱桃飞走了,保密,今天也是非常喜欢你。,表白太太！！！！鬼怪真的是我最喜欢的一部韩剧，太太剪的画面都特别美好呜呜呜
森娜SANNA,女,吃饭，睡觉,鬼怪是白月光啊
你可以去狗带了,男,拥抱你的背影,全剧都很神，ost我至今还在一直听，爱阿加西
小熊汗汗_,女,,我的最佳
菜菜菜阿懒,女,,2020还能看到鬼怪的剪辑5555555555555
雙重夢鏡,保密,,鬼怪百刷不腻
涂八九,女,事已至此先吃饭吧,0202年了我还在鬼怪的坑里不出来[doge]
想偷一束光给你,保密,没有个签,想去接着那时候的剧情看了
wsh6932,女,看动漫，享动漫,up主剪的超好啊！！！激动的快不行了[打call][打call][打call]
艾希333,保密,,被鬼怪种草了魁北克，好好存钱一定要去一趟
乔伊喜欢达西,女,既好水墨青花，何惧刹那芳华,又想再看一遍惹[鸡腿][鸡腿][鸡腿]
罐装小侑,保密,,我太爱鬼怪了
入夏吱,保密,,微博慕名赶来 啊啊啊啊啊啊啊真的好啊 是我最喜欢的两首歌 调色也很棒 ！
犭爪义勇,保密,TvT）,听着听着就哭了，
今天晴不晴,保密,,好棒啊!
本宫淑嘉皇贵妃金玉妍,女,,竟然已经四年了🙊
娇噤orz,女,,啊啊啊神仙剪辑
奶皇糖妃Candy,保密,微博ID：奶皇糖妃_candy$从开始到未来，只为王俊凯,播放有望突破15万[呲牙][呲牙]字幕超爱嘻嘻
筱面鱼鱼,保密,,哭了哭了哭了我哭了哭的好大声
机智的老绵羊,女,这个人很懒……,突然又想再看一遍
bili_72802430119,保密,,这剧无论是画面，配乐，演员，都无可挑剔，就是剧情后面有些，，，但是也已经很好很好了，现在的韩剧，已经很少这样好的了
小埋的图,保密,乀(ˉεˉ乀)跟着我摇摆~,恍若昨日
桑原芜,女,痴人前不可说梦矣。,时隔多年我看的唯一一部韩剧！！！太对胃口了！！！！
耀大王打瞌睡,男,初心不负,战歌起就想哭！！！
keylece,保密,zqsg是会遭报应的,呜呜呜呜呜我太爱鬼怪了，真是每到冬天就会想起来的剧，但我一直不敢看第二遍，太悲了最后给我哭的呀[大哭][大哭]
叶木南辛,保密,,还是高三看的呢，看完超喜欢这个插曲，还买了[爱心]
宋阿然,保密,,啊啊啊啊我的白月光啊啊啊！初中看的现在高三了我竟然还在看[微笑]每年冬天必刷剧啊，然而我永远没有看完整过最后的结局[微笑]$神仙爱情，做梦都梦不来的爱情[喜欢]
70679304825_bili,保密,,二刷啦阿加西
野比大雄的哆啦,保密,你才懒呢,大叔真的越看越帅啊
二锅头酿豆腐,保密,,先赞为敬[热词系列_锤]
柒柒似酒,女,青鲤来时遥闻春溪声声碎,剪的很好[热词系列_你币有了]
32729548509_bili,保密,,谢谢神仙up[大哭][大哭][大哭][大哭]
灯笼不装电灯泡,保密,,鬼怪真的很温暖啊，而且感觉随便截图都是壁纸[热词系列_AWSL]
Yu入坑,保密,,手机铃声响了
冰岛极光karry,女,“你能记住的，就是你的独家记忆。”,首页通知书
哪里有一百个梅尔,男,当一个人有一样专注的事情 那能让他闪闪发光,啊啊啊啊啊啊啊啊啊啊鬼怪！！！！
这月亮好美,保密,一条佛系的鱼,啊啊啊啊，神曲走起
予以凉墨,保密,彼方尚有荣光在,鬼怪真的是心头好啊
海葵啊,女,,我太爱了
JackJHMSG,保密,全世界和平最甜,2020了我依旧在坑底躺平，且愿意永远在坑底
va七里,女,讲故事要求的是点到为止，切不可强行续命,我永远喜欢金高银
Y红樱桃,保密,,阿婆主真的好用心，剪得超级无比棒！！！
欢喜好喜欢-,保密,,调色好好看啊！
早早睡觉的阿薇薇,保密,,我们少主真棒👍
肖兔兔的炭烤兔爪,保密,喜欢一个人不是卑微的事情，我的爱意是光明坦荡的，还有你一定会长命百岁。,想重刷鬼怪了，冬天里看特别美好
肖兔兔的炭烤兔爪,保密,喜欢一个人不是卑微的事情，我的爱意是光明坦荡的，还有你一定会长命百岁。,超喜欢鬼怪～
涛柒涛柒,保密,,看了up的这个作品才去刷的剧，棒！
陈么么凯,女,只有你想见我的时候，我们的相遇才有意义。,秋冬必重温！
人间宝藏韩女士,保密,,太赞了👍
Wendy_毛毛,女,,每次看都有新的感动[爱心][爱心][爱心]
_LIN仔呀,女,吃零食高手(*•̀ᴗ•́*)و ̑̑,啊！这支剪的好好啊！配乐、节奏、镜头，水准超越b站好多同名的鬼怪剪辑了
浓糖七,保密,刚刚,啊啊啊啊啊啊啊啊最爱的
对我欲求不满的小肥皂,保密,,调色太好看了！！！！吹爆！！！！
小周-Jiujie,保密,做 个 有 意 思 的 人,在微博看过一遍 打开b站 首页通知书 那就再来一遍！剪得很好啊！！！
枕枕枕上,保密,,2020了，还是有这么多人对鬼怪念念不忘，我就放心了$这部剧里很多细节做得太好了，运镜，台词，演技，ost，剧本，它远远比一些人以为的爱情剧要优秀。我仍然记得那一句“因为你前世拯救了国家”，仍然记得给了面包的小男孩仍然选择了他认为正确的答案，鬼怪是一部关于神的故事，讲的却是最温暖的人性。
心雨丫,女,,[喜欢][喜欢][喜欢][喜欢][喜欢]
巧克力味兔酱,保密,,每年初雪的时候必看，我的小新娘[星星眼]
我叫染色剂呀啾x,保密,这个人帅死了，啥都没留下( ｣0`)｣梦想是成为一体化的阿婆主！,好美啊！
小瓶子233,女,忠贞的人会得到忠贞，勇敢的人会用勇敢结束。,你币有了
云朵上的笨蛋瓜子,女,,想求个up主鬼怪资源呜呜呜这么清晰我都找不到
Rainie猫猫和cos,保密,一个努力学会各种技能的小法师,每当我呼唤你，你就会出现
三一名十五,女,挺好,先点个赞$再投个币$最后再收藏
l一直在,保密,,有这个素材吗，想拿来做壁纸，这剧真的把爱情片拍出新的创意[打call][打call][打call]
张先生的苦咖啡牛奶-,女,浮生四重恩，勿忘三途苦,鬼知道我已经看了多少遍了！真的爱死鬼怪夫妇了！[热词系列_吹爆]
钱包日渐消瘦,女,,我就是这次疫情太闲了去补的鬼怪，少主你也是吗？
山上烟,保密,青山不改，绿水长流,2020还在坑底
cc苏羽,保密,,这个UP剪得有点东西呀～
思fighting,女,hiahiahia,阿加西你们在一起吧😭
搬砖班学姐,女,花花花花花花花,up歌词排版和调色真的好好啊
赤根葵,保密,,剪🉐太棒了！！
小垚超凶,保密,,冬天刷这部剧真的很有感觉
我的西皮绝对szd,女,2020继续冲鸭,本鬼怪废人来啦！！已三连！！字幕排版超棒！！
晓棠同学,女,,太喜欢鬼怪了！孔刘大叔！
邮差传来彩虹,女, 不能被这个新时代淘汰才行。,等我在大学追！！！
dramamixture,女, what？,还在坑底呢！
小王同學快樂多,女,路過了學校花店荒野到海邊,每年冬天必刷！！！
下一站TinHau,保密,同归在青史里。,4年了
恁爸是酷酷的召喚獸,保密,,呜呜呜呜呜呜我的鬼怪夫妇
蜂蜜嘎柚子,保密,,吹爆[星星眼]
承酱的可爱,女,在b占要收获快乐！,很喜欢这部剧 但是每次只看到前面几集 后面太悲伤了我承受不来
网球王妃月亮嫂子,女,我能触摸 你的温柔 就像风,每次看到都会心动 那个像紫罗兰一样的小丫头呀
青荷爱喝奶盖,女,凡事都有偶然的凑巧，结果却又如宿命的必然。,我能说我今天刚在微博看到这个阿婆主和这个视频吗[微笑]缘分呐
IFBANGBB,保密,,怎么会有这么美好的电视剧啊 每一帧都可以是明信片[响指]
Gin着迷,女,质壁分离,催更贤者之爱[大哭][喜极而泣]
WSaudade,保密,,求封面啊啊啊啊啊！
昼夜幻想家,保密,留笑与泪做纪念-杂剪渣剪-继续努力！谢谢支持呀,每一秒都好美！歌词和排版都太好看了！
苏鱼小姐姐,女,干杯,求问up这么高清的资源在哪儿找的[酸了]找好久都找不到…韩剧tv太糊了…想找个超高清的存着看🙏🏻
TINY六月,保密,江天一色无纤尘，皎皎空中孤月轮,因为今天天气很好$因为今天天气不好$因为今天天气刚刚好
吴小虾Viven,保密,俗人一枚，涉猎甚杂，好美景美色，有趣第一。$$所爱之人甚多，皆秀。,看到初雪回来那里哭成狗啊[大哭][大哭][大哭]
ラブ西聆楚,保密,,原来都是16年的剧了啊
苏络樱,女,一遇果奶，一生长情,鬼怪夫妇！！！！[爱心][爱心][爱心]
拔拔小公举kk,女,不争吵 有话好说,还有人在，还有人没忘记！我好开心🥳 爱鬼怪
olsen鹿嫣,保密,我一点都不懒。都是b站有毒一直不让我改。,up剪的太绝了！
黑键狂魔花,保密,,已经2020了，我还在吃鬼怪的糖，好甜啊啊啊[喜欢][喜欢][喜欢][喜欢]
一只奇怪的小可爱,保密,,我来吹up主了[大哭]我永远爱鬼怪[大哭]
Jacinth_Y,女,,以前的韩剧真的好，最近好剧荒啊[笑哭]
尾大地喵呜,保密,我的收藏很精彩，不要错过啊,感谢up，我真的别哭边疯狂截图
_涅维亚_,女,玫瑰窗台与洗碗机,我的冬日限定
little五木,保密,,谁知道1分13秒到17秒这里，原剧里面的纯音乐名字？
匠人n,保密,,up的高清资源有链接嘛，吼想自己也做一个了，求！！
Humlili,女,每一天都要加油鸭,最喜欢的一部韩剧[爱心]up主好棒
祖传黑眼圈,保密,热爱生活╰(*´︶`*)╯,看看这收藏量
下落不明的猫,女,•﹏•冲鸭！⊙ω⊙,太棒了！！[星星眼]
香菜牌汽水,保密,桃李春风一杯酒，江湖夜雨十年灯,永远出不来这个坑
爱做白日梦的小狮子,女,,每年冬天要回顾一遍
李棟旭,女,배우  이동욱 ,2020还是鬼怪!
末日酸,保密,,啊啊啊啊啊啊啊啊啊啊啊啊啊啊啊啊啊少主居然剪了我最爱的鬼怪！！！这是唯一一部让我看了不下五遍的韩剧啊！！！真的大爱啊！！！！！
北綸乔,女,,都2020年了 我还在磕这对[呲牙][呲牙]
ifeng雪儿,女,,我永远喜欢鬼怪！2020还能看见鬼怪那么高质量的产出，太棒了，表白up主
鹿珏Lu,女,,2020年了我还爱阿加西[大哭][大哭][大哭][大哭]
雪の枝,保密,,速度线调色甚至字幕排版都好高级啊，少主真的每个视频都好用心，爱了
你害羞了吗,保密,Invictus gaming,2010我还在鬼怪
抱个栗子,女,不可结缘，徒增喜欢$眼泪越掉越多，年纪越长越大,和前男友刚在一起我正在看这部剧，我俩讨论这部剧讨论了很长时间，原以为他不会喜欢韩剧没想到😄挺合他意，现在我俩分手一年半了，现在他朋友圈背景还是阿加西撑伞女主带耳机他们擦身而过的那瞬间，满满的回忆
三岁半的傻仙女,女,最愚蠢的行为莫过于手贱去看影响情绪的东西.,鬼怪我只喜欢的韩剧❤️
绒绒猫的小桃七,保密,莫要看了 只搞帅哥美女的俗人一个,每天一遍 谢谢up呜呜呜
初了大事,保密,微博@初了大事,冬日剧单。
Karenashin,保密,,up剪的好好啊啊啊啊，滤镜爱死了[鸡腿][喜欢][热词系列_吹爆]
月染银墙,保密,,滤镜我太爱了(⌒▽⌒)
Chan-no-ey,保密,,2020.3.1来过
我爱的男人叫ZYL,女,我爱的先生，君子貌，少年心，永远以最温柔的模样清醒的看着这个世界。,鬼怪太适合冬天重刷了，好喜欢他们
萝卜剁剁,女,少女心偶尔大爆发的糙汉……？食量是半个糙汉的姑娘~,阿婆的调色简直了！
圆圆-园园,保密,,我出不来啦！！！！！谁给我根绳子把我从坑底拉出去！！！
深白色么么哒,保密,,鬼怪呀
素盏灯,男,,看的第1部完整的韩剧，还推荐给了朋友，括弧我是男的。
Uncle李狗嗨,保密,阅片无数,2020年3月了！！！竟然还有粮！
葛姐姐_sl,女,一个喜欢唱歌跳舞追星的沙雕,无论看了多少韩剧 现在鬼怪还是心里的白月光[爱心][爱心]
眷茶故人,保密,,已经2020年了啊，真的是高二那年的白月光
35323560697_bili,保密,,因为这个视频我关注你了
嘤嘤怪想嘤,保密,,我真的好爱这部剧
35323560697_bili,保密,,好喜欢，超喜欢，咋办，阿加西
-三胞胎的怪阿姨-,女,女神我爱你！！！为您打call！！！,哇塞！太太的调色字幕排版都好好看！！
可乐的橘猫,保密,,男神剪的视频直接给我看哭，呜呜呜鬼怪太好哭了[大哭][大哭][大哭]我又躺回去了
狐狸的米,保密,,看了这个剪辑我才发现竟然有这么多吻戏
心动代表,女,,up主太棒了，色调太棒，太美了，随便一截就是壁纸
曲妙意,保密,不在任何东西面前失去自我，哪怕是教条，哪怕是别人的目光，哪怕是爱情。---《成为简·奥斯汀》,我不管这是我的最爱，我都刷了好多遍了 我最爱鬼怪啊
糖果23333,男,,@女朋友
吃红豆面包的猫,女,开心！,我当时看到结局的时候在被窝哭成了狗，真的是除了1998我最喜欢的韩剧
Joeeeeey_K,女,,我永远喜欢鬼怪
碰碰墙biubiu,保密,,我的宝藏少主出圈了嘛!!它的每个视频我都爱!!终于不限流了5555
放风筝的阿菜,保密,人生长恨水长东,求第二首bgm名字
沙拉羊,保密,,我心中的韩剧Top1！最爱的阿加西！
北城逐愿,保密,彼方尚有荣光在,昨天在微博刷到了，还顺手截了图，贼好看
我先睡睡,保密,精通各种不良嗜好；/,剪得太好了！
-VYee-,女,100%,实不相瞒，我整整看了十三遍！！！
司司苏,女,,这个色调好好看ww一截一张壁纸
司司苏,女,,今天也是为鬼怪夫妇的爱情流泪心动的一天$(｀・ω・´)
溪上少三水,保密,,[热词系列_吹爆]
就叫钟鱼8,女,我的个性就是不爱签名。,因为这部剧 我买了人生中第一条红围巾[喜极而泣][喜极而泣][喜极而泣][喜极而泣][喜极而泣][喜极而泣][喜极而泣][喜极而泣][喜极而泣][喜极而泣][喜极而泣][喜极而泣][喜极而泣][喜极而泣][喜极而泣]
朴孝敏000,女,不和寡妇论长短不和寡妇论是非,这剪辑的也太好了吧！！！！！
撒手没Z,保密,,这么多年过去了，还是会心动呀！
樱桃爱吃小甜饼,女,,排版也太好看了吧我的天！每一帧都美如画！视觉盛宴，不愧是wuli少主！
爱国少年一枚,保密,,能不能问一下用的什么剪辑软件[爱心]
秋日早安,保密,,鬼怪夫妇都是彼此最后的初恋[热词系列_吹爆]
秋日早安,保密,,前奏一起，鸡皮疙瘩都起来了
是金起伏啊-,保密,一蓑烟雨任平生。,[酸了][酸了][酸了][酸了]真的超爱u最爱鬼怪。
Hi_Simon,保密,想起就更新，没想起&hellip;&hellip;&hellip;&hellip;也没有人要催啊！,时长好秀！
Rust小卖店,男,各位大佬，收藏夹有详细分类，$二道贩子，欢迎交流,歌好听
咕啾fairy,保密,,天知道我以前哭的有多惨
要努力去见边伯贤,保密,,第一集编剧就已经把结局透露了！！！！！
噼啪pong,女,✧˖°꒰๑'ꀾ'๑꒱°˖✧ Helloooo,最爱的韩剧！！up太用心了这个做的是真的好看
要努力去见边伯贤,保密,,这部剧的bgm真的神了！！！都出圈了！！！
要努力去见边伯贤,保密,,啊啊啊啊啊啊啊啊啊我又要去看了！！！就因为鬼怪我才发现金高银这个宝藏女孩啊！！！
左撇子的小迷糊,保密,,呜呜呜(┯_┯)，适合N刷
づ番茄柚,保密,,时长520优秀up，爱了爱了
wangyuyuxi,女,平安喜乐，幸福安康❤,有你陪伴的时光全都很耀眼，因为天气好，因为天气不好，因为天气刚刚好[爱心]
霸气仙女小姐姐,保密,,你币有了！！！！
喜欢美女有错吗,保密,,看过了，说实话韩剧就是太拖了，不够紧凑，太甜了，单身狗受到一万点暴击
佷丧的人,保密,,不仅是主演的人生剧，也是我的人生剧
Airen-XJ,女,✨,微博来的！！阿婆主太厉害了！！！5555太爱鬼怪夫妇了[星星眼]
浅浅浅夏呀,女,手残党相信总有一天也能够做出心灵手巧的手工。目前入的坑有汉服，手帐，滴胶,啊啊啊啊啊啊，看我刷到了什么！！！
福娃丞丞_,保密,以后记得改回来,我怎么能那么喜欢鬼怪啊啊啊啊
lyrisal,女,不如樱花,四年前了时间杀人
Wonder_K,女,社会主义接班人,神级bgm[星星眼]
一未言青,女,佛系追星 用爱发电本命六元$ 墙头好多 磊千白陈哲远李兰迪张子枫谭松韵$热爱追剧磕cp  产粮剪刀手,我真的跪下了大大 这个视频每一帧都跟画报一样 每一帧！！！！！都是大片！这个调色我真的吹爆！
快乐2000L,保密,一定要在热爱的事情上加倍努力,果断三连
酒歌醉,女,愿与你鲜衣怒马，看尽烈焰繁花.,抓住飘落而下的枫叶，跟一起走路的人的爱情终将实现[锦鲤]$                                                      $                                                                                                                        鬼怪.
y娇娃,女,略略略,想了
danni_1109,女,ninepercent❤️林彦俊$Wanna one❤️邕圣祐$都是宝贝✨,2020年了  我最爱的还是鬼怪💕
尘轻洛,女,介里四uv+镇魂女孩一枚hhhh，请多多指（gou）教（da），天依我老婆，拔剑吧,我永远对鬼怪心动！！
夜色肆虐,女,,0202年了我还在为鬼怪心动
六月里的星,女,追剧少女，本命杨紫！,那时候看完后就立马去买了红围巾嘻嘻[笑哭]
Xu佳丽,保密,,真的好爱鬼怪，值得一直重刷啊
一顿吃八颗柚子的牛,保密,,2020年了，我竟然还能在首页看到有up主剪鬼怪啊啊啊啊[大哭]我要哭死了(´;︵;`)
兔兔爱喝奶奶,男,,经典是任何时候去看都不会过时的，鬼怪也算是韩剧天花板了吧！
Paintblueworld,保密,,每次看完cut都想去再看一遍[喜极而泣]
韩舒子,女,,感觉韩国的这个妹子，有周冬雨像似得气质和演技
饭次了吗,女,走在吃遍全世界的路上,0202年了我还在搞鬼怪
Xczzong,女,(　´・◡・｀),0202年了我还能嗑鬼怪夫妇，我好了。
Hola泽迪儿,女,大一的女孩纸•̀ᴗ•́，法语专业以后会继续记录我的生活^O^可能会直播学学习，读读书，做做手帐什么的，有问题私信哦$,为孔刘打call！！！太帅了啊啊啊啊啊
为啥不是我wvw,保密,,剪得好棒[热词系列_神仙UP]
中森香菜,男,I will never give up.,唯一一部看了五遍的韩剧，还安利给了女朋友[热词系列_你细品]
伊笹少女yu,女,,阿加西阿加西阿加西，我太喜欢了
李易峰慕寒的小娇妻,女,随遇而安。,秋冬必看电视剧，已经七刷的我又想去看一遍了
80483587786_bili,保密,,我已经连着刷了三遍了，注意，是“连着”！！！鬼怪我的爱啊
重炮君,男,装笑久了，笑就长在你的脸上，变成一张面具。,孔侑
゚时辰,女,这个人好懒好懒啦，什么都没写哦～,这么多年了鬼怪终于上首页了？！！[2233娘_大哭]
TT0LL,女,NMNL,2020年了还有人为鬼怪营业，我流泪了。up神仙剪辑，看完我又要去重刷一遍了[热词系列_吹爆]
there-,保密,,第一亿次 绝了
楚怀風,保密,努力学习，争取上一本,2020年了，鬼怪依旧是我最喜欢的韩剧，看到视频，听到这BGM，心潮澎湃
関西扛把子西瓜瓜,保密,イッツマイソウル,2020了鬼怪上首页了（暴风哭泣
JY_0709,女,往矣，吾将曳尾于涂中.,我发现..鬼怪真的是我的执念
诗诗家的小草莓,女,,这首BGM我也特别喜欢，特别浓的情感和男女的故事
一点点彩虹,保密,,我要吹蜡烛了！！！！
AEuZ,女,EXO SF9,2020我还喜欢鬼怪 还是能看最后一段哭到晕
橙与景,保密,墙头很多，拒绝ky，拉郎仅限角色,想去三刷了[星星眼]
山河一把青,女,位我上者，灿烂星空；道德律令，在我心中。,2020年了，没想到我还能看到鬼怪的视频[大哭][大哭][大哭][大哭]我好爱他们阿啊啊啊！
瞎无聊的小号,保密,时间都停了 他们都回来了,2020我还在刷这部剧…
卓卓9803,保密,,我昨天还三刷了，又发现了很多可爱的细节。
沊于矀,保密,,啊啊啊啊啊啊啊啊啊啊啊啊啊啊鬼怪好好看啊！！！
茄子Z,保密,微糖不调色刀手成长ing,四连都不够
茄子Z,保密,微糖不调色刀手成长ing,这个调色真的是我再B站看过的视频中最优秀最悦目的，不是一味地褪色背景那种，真的太优秀了这剪辑
茄子Z,保密,微糖不调色刀手成长ing,这个调色绝了[喜欢]
离人阿媛,保密,,网盘里只存了两部韩剧，一个鬼怪，一个请回答1988，每年冬天刷一遍
弱小无助但能吃的深蓝,女,我真的太懒了！,除了棒还能说什么 看得我又想去重温鬼怪
遗来遗往,女,苦的时候磕磕糖,每到冬天就会重温的剧。。。
颜南烟,保密,剪的很烂 也很懒,太棒了！我最爱的鬼怪，阿加西太帅了
Miko丶公主,女,每晚随缘直播记得关注——stream：215338459,啊啊啊起鸡皮疙瘩了[大哭]太爱这部剧了
雙重夢鏡,保密,,鬼怪一生推
为了萝莉为了不单身,男, 一起来追番吧,鬼怪的音乐都爆炸好听
章鱼想摘星,女,醉后不知天在水，满船清梦压星河。,都说十八岁的喜欢会持续一辈子，所以啊，我十八岁那年喜欢的鬼怪夫妇，这种喜欢会持续一辈子。
Yue武昂,女,我只是一个懒到不行的搬运工，偶尔做点cut ,现在再看，还是觉得心动呀
北北珏,女,,啊！！！在微博刷到之后，凭运气又在这里刷到！！！
罗桑仁钦,保密,世间安得双全法$$不负如来不负卿,好顶赞
泡泡贩售叽,保密,我恨,我的最爱
白昼倾倒,女,微博@白昼倾倒,我永远爱鬼怪啊❤️
aBao酱_,男,付出的愛是狂熱，卻忘了學習愛是妥協。❤❤,全程打着冷颤  回忆啊
安小星er,女,,没看过剧 调色太好看了
JUICYPEACH_盼盼,保密,谁说我没有偷偷喜欢过你？,冬天必看韩剧！！
丶性格使然,男,,4年了放过我吧[大哭]
丧气---,女,( •͈ᴗ⁃͈)ᓂ- - -( ˃̶̤́ ꒳ ˂̶̤̀ ),这是最戳我泪点的韩剧，明明看过还有比它更虐的也没有哭，只有鬼怪让我哭得不能自抑[大哭]
丧气---,女,( •͈ᴗ⁃͈)ᓂ- - -( ˃̶̤́ ꒳ ˂̶̤̀ ),我不能看这个，我会哭得超大声[大哭]
Emma去伯纳乌,女,伯纳乌的圣地,一直没敢看这部剧[大哭]
暮岁不冷,保密,本命李钟硕 NCT,超级爱！！！成功引起了我学剪辑的兴趣
九日呐呐,保密,,阿婆主剪辑真的超棒！！！！爱宁！！！！
李青果,女,,2020你我还是在这沉浸鬼怪无法自拔
For-meeting,女,,两年多了，依旧凄美且令人心碎
踏雪高歌sing,女,浅喜似苍狗，深爱如长风,阿加西！
咖喱咖喱酱紫啊,女,嗨皮,爱了爱了爱了，啊啊啊啊啊
百凤山里的车厘子,女,一入cp难回头，bjyx/忘羡，只愿君心似我心。,这个滤镜很好看~
独立团李云龙,男,害～,这个男人为什么这么帅！！！
倏忽烟花霁,女,我是颜粉哈哈,每一帧都是壁纸的程度 太太真的太厉害了吧 这个调色滤镜哇塞
真的很久了,保密,,我永远爱鬼怪！！
LKA_LL,女,꒰⌯-ω-⌯꒱,今天正好在看[热词系列_吹爆]
小骨头吃饼a,女,啦啦啦啦,剪辑的好棒！想再刷一遍啦(๑&gt;؂&lt;๑）
一块肥美的培养基,保密,,都四年了
一只露馅的小豆包,女,喵喵喵,求出调色教程！！
一块肥美的培养基,保密,,2019我又刷了的，感觉台词都能背了[妙啊]
spirxxx,女,现男友李现,唯一一部五刷过的韩剧[tv_难过]
鱼小猫00,保密,,因为天气好，因为天气不好，因为天气刚刚好[害羞]
法家夏冰雹,女,人生一世，草生一春，来如风雨，去似微尘。,留名？这么新的视频
天然腮红yy,保密,不正经,2020啦 我还爱阿加西！
薛甜甜的甜甜,女,世界和平,2020.02.29
明芝维新,女,请你努力 千千万万,啊啊啊啊啊啊我太爱了
adeleadkins99645,保密,,这是啥乐器啊
大野麻,保密,,可爱的鬼怪新娘 捧着花 挽着身穿礼服的他 这是注定的 命运 她义无反顾地挡住了 死亡 这是命运的 玩笑 下辈子 再见了
ONE银PARK,保密,试图做剪辑大佬的一条咸鱼,鬼怪真的是太好看了！
woaizhumei,保密,,我来了！有鬼怪就有我！感谢各位姐妹2020还在产粮！
超爱Sakura的慕枝,女,凡是值得做的事情都值得做好^,天哪 不行了 都20200229了 还是那么喜欢 嘤嘤嘤 超级喜欢啊[tv_难过][tv_难过]
巴啦啦能量美少女战士,保密,,鬼怪真的是我的韩剧top！
折光过,女,我喜歡如秋天一般的人,阿婆剪的好好，又想重温了，无限心动
吃肉少女__,女,blood group A,啊啊啊我爱了 爱死孔地哲啦！！
墨君吾,保密,回望那年初夏，良善如昨，貌美似花。,最喜欢的韩剧
莱里安,保密,,2020了我还是好爱[爱心]
皮条胡同王老爷子,保密,猪猪猪猪,啊啊啊啊啊啊爱死我了[大哭]
夏至w未至,女,(ಡωಡ)  ,完了，我想三刷了
一个小阿曹,保密,,呜呜呜太虐了不敢三刷
流水窅然,保密,白夜,我还在坑里
十月印象馆,男,微信公众号，微博同号～欢迎关注,最好的韩剧，没有之一
蟹味沙拉,保密,走自己的路,为少主打call 少主出品，必属精品！
小福泥的馕妻,保密,,啊啊啊永远的鬼怪啊
小阿呦-,女,百合大法好,2020了在坑底躺的很安详(ღ˘⌣˘ღ)
目木不,女,,都2020年了，鬼怪还是这么经典，每一个场景，每首歌，当歌曲前奏一响起来，都能把我们带回原来的故事线里！
圆的半径,保密,,我的最爱啊啊啊啊啊啊 鬼怪永远是我爱的韩剧一番
Mananachi,保密,秀智Suzy|仙儿|,up主考虑用雪中梅bgm剪辑一个鬼怪的视频吗！感觉那首歌每一句都和剧情好贴！
秋刀鱼没有猫,保密,不知名三分钟热度up主,啊啊啊啊啊我的最爱！
毛猫猫啊,保密,,怎么能看剪辑看哭呢！up牛逼！
jamjam330,保密,讨厌自我介绍,55555我好爱鬼怪 桃子cp我可以嗑一万年
你可要听话,男,信听拿4,好棒
接接的小瓶子,保密,,这个剪辑真的绝了！5分21秒让我回顾了所有心动点
差不多是个废宝宝了,保密,,Up剪得太棒了！！！
微风料峭11,保密,,看了三年的剧[大哭]
闷闷炖焖鸡,保密,魏谦的味千拉面,剪的太好了！！！
Emerald木木,保密,心有多大，，脑洞就有多大！,好想磕这俩现实cp啊[大哭]此生他们能在一起吗
T_小栗砸,女,如果可以，希望能用相机来记录我的一生。,[热词系列_三连][热词系列_神仙UP][热词系列_不愧是你]
binbinz1991,保密,,我当时看的时候喜欢的是男二女二[笑哭]
芝士拉面嘤,女,今天也是运动的一天呢,这个剪辑我好爱！！！
爱学习的Chole,女,华东政法大学冲冲冲！,妈耶 我喜欢老男人[doge]
传说中的阿慧,男,本来无一物，何处惹尘埃！,鬼怪是也最爱的韩剧！！！大一寒假看的，现在我大四，听到bgm还是感动到炸了[捂眼][捂眼][捂眼]
栗籽酱_,保密,,2020年了我还在搞鬼怪！
skulllulu,保密,来日方长 天天发糖,鬼怪真是百看不厌呀[打call]
传说中的阿慧,男,本来无一物，何处惹尘埃！,不会忘记我的鬼怪阿加西[酸了]
天欲雪lty111,保密,,鬼怪太爱了
jin天珍可爱,保密,不定期分享$since2018.11.2,想知道字幕怎么做的！！！！！
何苗苗全世界第一帅,保密,,这个色调好好看
约翰威克要我命,保密,大多数人都缺乏理性  ,太好看了！
溪岚哈,女,,爱了，鬼怪就是我心中韩剧的白月光
布布圆月,女,爱ONER！爱碧梨！爱桥本环奈！爱吃肉！爱生活！,2020年了我还在搞鬼怪！！剪的真好！！！！三连！！这是我心中的top1！！！
小雨披,保密,,在家闲着这一个月，我又重新看了两遍了，加上之前看的，再看完这一遍就六遍了
霁沫涔,女,,2020年在首页看见了鬼怪，开心暴哭
水野芽子,保密,阴阳怪气 变形兄弟  国际巨星潘唐颖,这个剧真的是我心中的白月光，每年都刷一遍，太爱了，阿加西很暖，池恩悼笑起来我心都化了，她笑起来好美好可爱，无论看几遍都不腻！！！！！！
衍其啊其,保密,想要帅哥,我永远爱鬼怪！！
淀粉做猪排,女,,太感动了😭真的除了鬼怪没有一部韩剧可以让我每年都想看一遍
Noesweetie,男,2333333,OMG，神仙剪辑，i了i了~
aaaalittlesweet,女,yoooooo,[大哭][大哭]有几集看了好多遍 真的很多场面我都好喜 最后一幕把我搞哭了555
折光过,女,我喜歡如秋天一般的人,你币有了，舍不得白嫖😭
吃货的淇,女,宋智孝欧尼大发 韩国rm棒棒哒,我最喜欢鬼怪里的bgm是hush，没有放进剪辑里有小小失望，但整个剪辑还是超带感，太爱这部了[爱心][爱心]
起司糖果,保密,唯一,鬼怪里面的歌都好好听
bili_48859248434,保密,,回到我初三的那个暑假
一只小噗胖,保密,今天也要开心哟,看来我又要重温一下经典了
小毛睿刘雪微123,女,学习一时爽 一直学习一直爽,啊啊啊我的少女心啊
胡归一,保密,温柔推翻世界,调色好美丽
想捡六块钱,保密,别看 ,2020还在想念我们鬼怪CP
半尘繁缕,保密,对长亭晚，映泰阶星。,最喜欢的韩剧，剪的真好[热词系列_神仙UP]
是真的可,女,的确是真的可,都2020了我还在搞鬼怪[热词系列_吹爆]
忘卻不能,女,-/：；（）&yen;@&ldquo;&rdquo;。，、？！.,有没有壁纸打包[doge]
每个账号名字都叫卡卡,女,等待,啊啊啊啊啊 绝了绝了 太好看了，想到我当初追剧得时候等到心悸
橘子果酱_kkk,女,exo,看了十遍的人在这！
福禄寿喜团子,女,既见君子，云胡不喜,2020了我还在搞鬼怪[大哭][大哭][大哭][大哭]他们太美好了[大哭][大哭]
-sweetkiller,女,                                                       嘿嘿嘿,我最喜欢的韩剧！！入韩剧坑的剧   在我心里真的没办法超越
糖果雪ovo,女,天下熙熙  皆为利来  天下攘攘  皆为利往,太棒了！！！！
24282140286_bili,保密,,太好看了趴，[喜欢][喜欢]
24282140286_bili,保密,,特别喜欢（*/∇＼*）
柚子剥开给我吃,保密,,人坑即神作 我心里绝不可能被超越的鬼怪[大哭][大哭][大哭][大哭][大哭]
南宝的小迷妹,女,,太赞了 给你三连
改点什么名字好呢,保密,,看了好多好多遍的剧啊啊啊啊啊 鬼怪真的有一种很温暖的力量啊 最喜欢的剧！！！！
朱什么娟,保密,2019我的年度老公：孔刘！,剪的绝美！up[支持]
Promise_mio,保密,又又又又舔本命与磕cp专用,dbq我歪楼了，孔刘真的和我们政教处主任超级像呜呜呜呜呜我每次看都会出戏，主任你慢慢谈恋爱，是我打扰你了呜呜呜呜呜呜呜
郑浅浅,保密,,开头鬼怪夫妇穿大衣走在一起简直太爱了
抱大腿的小兔子09165,保密,,爱了爱了
小鸭子巴巴巴,女,悄咪咪的记录美好的时光❤️,啊啊啊想再看一遍！
faceinheart,保密,,看完up的剪辑，决定明天再刷一次鬼怪！
拉格朗日啾,保密,,真的白月光了，那时候天天追更新，半夜才能出熟肉，韩剧最爱了
-妖刀姬-,女,那些明亮的人与你相遇   你是否有与之相匹配的分量,看得我都想再刷一遍了
喷喷香的好食光,保密,佛系剪频，杂剪up，有强迫症，能力有限，更新随意ヾ(❀╹◡╹)ﾉ~,冬季必刷韩剧之一！
WGUIR,保密,哈哈哈哈哈哈,孔叔好帅[星星眼][星星眼][星星眼]
泰亨笔芯,保密,,原来已经过去这么久了[大哭][大哭]
么么唧唧,保密,一个很糊的人,我真的好喜欢鬼怪！太好看了三连必须有！！！！
怀里的小咧,女,Happiness & Deight,我永远喜欢鬼怪！！！！！！
白菜有点甜_,保密,,2020年了还在嗑鬼怪
爱罗大大,女,,鬼怪粉至今意难忘
深交不如浅交,保密,,up主大人，我想要的鬼怪的壁纸[星星眼][星星眼][星星眼]
不假笑的小谭同学,保密,,战歌一起就相当激动[星星眼]冬日必刷
mylightyoseob,保密,,时长是521！！！！up真的好棒！！！！
文眼薄暮Cici,保密,,前天又看了鬼怪，每分钟都没能跳过啊，丝毫没有赘余的space，主角们都太喜欢了，每个角色我都爱了，让我都快忘了加油武汉了[加油武汉][加油武汉][加油武汉]$[热词系列_我全都要]武汉和鬼怪我都要啊~~
顾念心安的顾念,保密,聚沙成塔，天道酬勤,现在都还记得那个时候追鬼怪，每周四的抓心挠肺
saiko-eito,保密,,每一帧都是绝美海报！！！
小呆鱼88,保密,你才懒死了咧!,期待姐姐的新剧！！！
我家cp糖太多,女,哈哈哈哈哈,我觉得我又可以开始重新看了
Sararita,保密,瑞文,调色也太美了吧！！！！剪辑也太好看了！！！！！！！！
帅到炸裂的套er,保密,嘿嘿哈哈哈哈哈哈哈,好喜欢！！！！
微微醺入睡,女,世界上我最爱的地方就是我的床,冲冲冲！！！鬼怪夫妇！！！我真的超爱这对cp！！！
我是小傲娇嗯哼,保密,,卧槽每一帧都是电影 这个画质
luo曼猪,女,查无此人,最爱的鬼怪夫妇
枫叶没红,女,凡哥的鲵鲵一枚~$中意嘉尔和大华~$女idol就是我家嘉灵姐姐~,我不能忘记他！不能忘！呜呜呜哭死了
一个无聊的艾迪,女,????,情侣装典范
小小仙人球儿,保密,,每一个画面都是壁纸级别，真的好喜欢
抹茶红豆味儿,保密,要么庸俗 要么孤独,每一张都是海报 大大牛逼 时至今日换了好几个📱我的来电还是这歌 哭死算了
68188474214_bili,女,快乐冲浪  开心生活,！！最近正在重温！！真的好喜欢！！
左沙星,女,,2020年了我还在为鬼怪落泪[酸了]
南有乔淑,保密,,剪的好棒，每一帧都是壁纸。
野野纳良兔,女,320｜剑桥大学化学工程学酥｜快落产粮｜佛系缘更｜常挖坑｜常断更｜,2020了，最爱的韩剧还是鬼怪和w[大哭][大哭][大哭]（我就不应该刷题的时候打开b站啊啊啊啊啊啊，
BLUE_DCK,女,,才发现时间是5分21秒诶，up主是特意卡的这个时间吗？
樊辟邪,保密,沉默，是一种态度。,这个色调太好看了！
四喜丸砸DANSA,女,用舞蹈为你加冕,至今看剪辑都想哭呜呜呜呜又甜又虐不可复制的爱情！！！
koniya1005,女,能行不退。,2020年还在看鬼怪
ChennnYe,女,,哇 up好棒 我真的是看到鬼怪拔刀那里眼泪就止不住啦
优思麦,女,无,啊啊最爱的一首战歌
刘昊然的dumpling,女,可可爱爱$没有脑袋,我要再看一遍
优思麦,女,无,阿加西  塞拉黑哟
石神啊-,保密,最后。,每年冬天都要重温  然后会哭出来  剪的太棒了呜呜呜
依然还有节操,保密,我不是懒，是不知道写什么,神仙up主！疯狂为你打call[喜欢][喜欢][喜欢][喜欢]请问可以转发收藏吗？[抱拳]
小天使biubiu-,保密,,前几天才二刷完 真的好好看55555
MeU_婷,保密,,调色和字幕太好看了！用电脑播放，每一帧都是画报啊[喜欢]  stay with me已经是我三年的手机铃声了[鼓掌][鼓掌]
牛油果炒饭,保密,day day up,啊啊啊啊啊啊真的很喜欢这部剧
KseniaY,女,谁人闻香来，化蝶向景依~,不得不说，up这剪辑，色调搭配的太好了！鬼怪到现在都还让我心动，听到这个歌，真的是有哭有笑。[大哭]
杨胖鱼胖胖胖,女,我常常因为自己不够沙雕而自卑,我真的一直很想看这个，但是感觉男二女二那一对太虐了，就不敢看了，每次刷剪辑就很心动啊[笑哭]
横冲直撞一只圆,女,有空一起睡觉,那个女孩的笑容让人心动
Ai澳白,保密,来这里，只因为我想静静,再重温鬼怪，心中依然就难平复，UP主你太好了，在这春暖花开的季节感受愉快的芬芳[支持]
两个一丫,女,,Up也太厉害了😭 字幕和镜头都超级超级用心
touyeteng,保密,,剪辑好棒！！！
LUU有一点开心,保密,一点也不懒,哇哇哇哇哇哇这是我见过的剪的最好的！！呜呜呜！！！爱up主！！！！
Shaw-happy,女,,这每一帧都是画报吧！天呐
绝对零度0217,女,藏在众多孤星之中还是找得到你,这个色调！！！爱了！！[大哭][大哭]阿加西！！！
安稳稳的安,保密,这个人很懒，什么都没留下哦,神仙剪辑！神仙画质！
我不酷mmp,保密,,这调色太好看了吧，每一帧都是海报
SWWH7H,女,,我觉得冬天太合适！！！！！[大哭][大哭][大哭][大哭]鬼怪真的心里的光
杪夏三山,保密,,up剪的太好了，我要感动死了！！！
奶茶和小泡芙,保密,,2020年了我还在鬼怪的坑里[大哭][大哭][大哭]
先之_,保密,来啦,太好看了
陈小宝_Rebecca,女,爱我所爱 想剪啥剪啥,吹爆阿婆主 吹爆鬼怪 剪的好棒！！！
小乙KIKI,保密,,我的头像 一直用到现在😭
很666的一个人,保密,,求字体！太好看了
小乙KIKI,保密,,阿加西
郑不赌不打赌,保密,爱瞎剪｜禁二改二传｜感谢相遇！开学了应该产出很少了,太太是神仙吧！色调美哭了 节奏超牛 字幕排版也超级好看！太牛了！
王俊凯的亲妈粉,保密,韩式半永久下巴是啥？,2020继续支持少主
木木大侠lin,女,人生如戏，全靠演技,可以剪步步惊心，仙剑这个系列吗？求……
堇墨浮华99,保密,,up我太爱你了，鬼怪也是我一直走不出来的剧
我要改名字7,保密,,一听到BGM决定先点个赞再看[微笑]
Imbuyeat,保密,,我真的太爱了，鬼怪新娘，阿加西，神仙爱情💑还有bgm太好听了，完全无法不喜欢啊啊啊啊啊啊表白金高银，表白阿加西，表白灿烈啊啊啊表白少主！[大哭][大哭][大哭][热词系列_你细品]
绒绒猫的小桃七,保密,莫要看了 只搞帅哥美女的俗人一个,表白up的剪辑！2020还能看到鬼怪的产出真是好激动呜呜！
绒绒猫的小桃七,保密,莫要看了 只搞帅哥美女的俗人一个,是我永远永远的top1韩剧
木木大侠lin,女,人生如戏，全靠演技,我好喜欢这个色调啊啊，是自己调的?
bili_45493770552,保密,,哭死了
lKliyl,女,,好棒！！[星星眼]太喜欢鬼怪了！
万事屋的逗比,保密,,鬼怪爱了爱了！！！
小蜡的日常,女,理想生活需要一点热爱和努力$$哔哩哔哩 ‖ 快手 ‖ INS ‖ 微博 ‖ 最右 $ : 小蜡的日常,up主剪辑的好好啊，太好看了，我也超爱这部剧的！
雪中的茼蒿菜,保密,,想反复刷，又舍不得的剧
兔帅,保密,,真的是我最喜欢的韩剧[大哭]
深海迷妹宁缺晚,保密,,又掉泪了
易晚舟,保密,人生就是一碗自己煮的粥。,上首页了！！！！！
易晚舟,保密,人生就是一碗自己煮的粥。,哇
heneciasmile,保密,,太感动了
原来是转转啊,女,努力学习剪辑！微博→@转阿转啊兔,好看好看！！！做的好好
女先生啊,女,,集美们，有没有高清无水印的鬼怪全集资源呀
玉雪觅琪心,保密,嘻嘻努力剪频(´▽｀)欢迎到微博来找我玩耍@玉雪觅琪心,啊啊啊啊啊太好看啦！！
小钱喝奶,男,快乐生活。,鬼怪女孩集合！！！！！
花枝发了,保密,,是鬼怪夫妇呀
巴西神勇小金刚,保密,爱老蕾爱世界,我最爱的韩剧，没有之一
图图在吗,女,满怀希望就会所向披靡,时长是521[鼓掌]
苏飏Continent,女,,啊啊啊啊啊啊！！！！！太棒了这个
柯基想有钱,女,努力努力再努力,时长卡得真准
倾之于炎,保密,,调色排版好棒
热水器咕噜噜,保密,,从初三看到高三，我永远爱鬼怪！！！
零添加糖,女,,我在微博也看见了！
莜蒔YS,女,,哇up剪的好好啊 节奏转场调色都很不错
不枯竭,保密,,或许有每一帧壁纸合集吗[doge]
是派派呀,女,,真的每一帧都好美
只看综艺不撕逼,保密,综艺【老罗铁粉偏爱姜line表白根叔】$up主【vlog+美食+搞笑+电影】$男娃【昊然弟弟+昇基欧巴】$女娃【所有好看的小姐姐】,每一帧都是壁纸，绝美！
ee_君,女,,爱了
杰西卡家的猫粮,女,全力以赴！做个开心的女孩纸,这个剪辑太好看了！
海贼王妹妹,女,,准备第十刷了，我真的鬼怪十级了，在家一个月，没有剧看，集美们有推荐的吗？
bili_61852130857,保密,,啊啊啊，进度条好评👌
每天都记得吃药,女,,UP的剪辑太棒了 虽然已经是几年前看的剧了 但是每每看到这些画面依然会被鬼怪的故事感动到
我無有猫,保密,再吃一个苹果,可惜是悲剧
飘飘以轻飏,保密,,这画质，真赞
坚决不当废物,保密,我也想养个猫猫(╥╯﹏╰╥)ง,少主的封面好好看啊，调色好棒[星星眼]
九锥玺诗,女,始于颜值，陷于才华，忠于人品，爱金茶蛋，爱千玺，爱诗诗，也爱昀昀，还有我啾一，还有高恩你啥时候出道啊！,可不可以sunny夫妇也剪一个[笑]
南珞珈,保密,陈数真好看,感谢up！！！！
ChristineYt,女,,0202了，我依然为鬼怪疯狂心动疯狂哭泣[大哭][大哭][大哭]
笑望东舒,女,大叔控 电影迷 励志传媒青年,太太绝了啊啊啊啊啊踩点好舒服，这字幕，这调色啊啊啊啊啊啊啊啊
王俊凯小朋友超甜,女,从开始到未来只为王俊凯（手动笔一颗蓝心）,投币是1521哎，不想打破，下次一定[微笑][微笑][微笑]
三仟尘土,女,新的一天，无所事事,我好喜欢这部剧😭️我永远为阿加西和小新娘的爱情心动
68237204321_bili,保密,,最爱的鬼怪呀，太感动了[爱心][爱心][爱心]
平庸日记生,保密,来之则喜 去之不恼 不卑不亢。网易云：CommonDairy（无其他公开账号）,永远的鬼怪！！！
29135372575_bili,保密,,赞啊，
是拢龙呀zly,保密,,鬼怪啊啊啊我的白月光
猫丞丞的大飞,保密,,剪的好棒啊，要去重温鬼怪了呜呜呜
雨昭云,保密,静 思 定,刚刚重温完~
林骨子,保密,一个学习的记录者,[热词系列_三连][热词系列_三连][热词系列_三连]
变态的胖次君啊,女,奕家人\小朋友,真的真的还是最喜欢鬼怪啦
恣意生长欢,女,祝你我万事顺意,好棒！再发一条！给up主打$Call！！！
52775868206_bili,保密,,来啦
恣意生长欢,女,祝你我万事顺意,我爱鬼怪！！！！
喝奶茶不用管,女,有趣的灵魂千金不换,看看吧，好的结局
盒饭谁怕谁,保密,人心险恶,呜呜呜呜呜@冰果喵
不是鄜州月啊,保密,,鬼怪一生推！！！
Rainie_雨虹,女,十年，慢点儿。,素质三连！
南南南-嘉嘉嘉,保密,,真的很喜欢鬼怪啊！！随便的一个画面都可以当壁纸啊
Vvvive233,女,呜哇呜哇喵,2020了我还是在鬼怪里走不出来[大哭]
淼灵霓虹,女,过好自己的生活,怀念追鬼怪的日子了唔
酒酿圆子yz,保密,,每一帧都能截下来做壁纸，调色和文字排版真的太棒了！
然一同学,保密,,2020继续爱鬼怪的一年。让我在四年一次的日子里表白鬼怪！
橘猫没有你可爱,女,爱学习，爱臭美，爱装高冷的小姑娘。,少主你是神仙吧[大哭]
大佬的半岛铁盒,保密,,最爱 鬼怪
给你一口甜酒,女,两处茫茫可相见,鬼怪太好看了[大哭][大哭][大哭]
HTXXTS,保密,,我最爱的一部韩剧啊
人间大废物,女,,给我看哭了[大哭]
柏林的灰鸽,保密,,刚刚在微博上看到哎
属老鼠的狮子座,保密,,女主越看越好看！！
PennyYX,保密,还在想，无止境地想，一桶伤这样泼下来。,三连三连，调色绝美，按暂停每帧都能当壁纸[爱心][爱心]
四之月二六,保密,有个可爱的人儿正在读我的名字,我除了点赞收藏投币还能干什么呢[大哭]
纯路过的HG,女,本质颜控/,调色好漂亮~
ISLANDIAN,女,,刚在微博看完，打开b站，首页推荐第一个[无语][无语]，但是还是得说一句少主nb
睡多了果然头疼,保密,微博B站同步发频 微博ID同B站   禁一切二改二传 谢谢谢谢,缘分呀微博刷到B站又刷到了
傻猫乐呵呵,保密,,真的爱了，鬼怪还有地狱使者
Peter比,女,日日是好日,这个剪辑太棒了！感谢阿婆主！
你钦哥不是铁妹,女,爱与正义终将永恒,可以无限回顾的一部韩剧！永远能给人感动和欢笑👍👍👍
31772109373_bili,保密,,剪的超棒啊！果断三连！
昏昏v,保密,每天都要加油鸭,每一帧都可以截图当壁纸啊
拾穗0818,保密,,2020年了我还是鬼怪废人！
Lightning-ann,保密,孤独而高傲的自我矫情,最爱，没有之一
三悬铃木,保密,,神仙剪辑！
花酒_Z,保密,,我爱了  色调好好看
谁家的小尘,女,嗯，我就是这样的人,剪的真好，很舒服
三悬铃木,保密,,每年冬天必刷！心中韩剧top1
是宝贝欢欢,保密,我七十二变，历八十一劫,剪的太好了吧
1分15秒,女,哎呀妈呀,2020了我还在为鬼怪心空。生日再也不吹蜡烛，因为烛光熄灭，没有爱我的人出现。
_project_,保密,人生若无悔，那该多无趣啊,完了，我又要去看来，你陪！
巴恩吐了,女,巴恩吐了一晚上,封面杀我
柒落酱,保密,菜鸟一只，发出咕咕精的声音$,还是依旧那么心动【么么哒】
李子易呀,女,西藏大学生活分享，半年手账党,一键三连你值得拥有
蘑菇蘑菇8866,保密,,孔侑好帅
苏家慕锦,女,我和你不一定会遇到$但若遇到$你说在哪里好呢$山涧河川$风朗明媚$只要眼前的人是你$    我们   来日方长,鬼怪啊啊啊啊啊[大哭][大哭]每个冬天都要看鬼怪[大哭][大哭]
王夫人的乐队主唱大人,保密,放弃不难，但坚持一定很酷！,听到旋律鸡皮疙瘩都起来了[大哭][打call]
肖战挑眉真好看,女,我还是很喜欢你，像大自然的四季更替，周而复始，年年不离,2020了我还能看到鬼怪啊啊啊啊啊
是虞欢吖,女,,阿加西！看来我又得重温一遍了
RvsurnT,女,永远有怪兽破坏本王成为大会员,昨天才发现鬼怪是2016年的剧，看了三遍的我一直以为是2018年的，果然出不去了[大哭]我爱小新娘，我爱阿加西
颠沛流离_1,保密,,好棒！
是胖头鱼呐,保密,,鬼怪是我追的为数不多的韩剧 现在刷了不下七八遍 每次都会有不一样的感觉 名场面更是起鸡皮疙瘩 一帧一画都是壁纸啊啊啊啊
森旅曦光,保密,为了显示我不懒，特地写个签名,我看过！来为少主和鬼怪夫妇打call啊！！！
一棵干草,保密,渺小却伟大$微博@Leegans 软件：Vegas15$李易峰能续命｜意识流｜草草又A又可爱$禁二传二改禁ky$剪视频就是为了让自己快乐的!,一万次为鬼怪心动 see ya 一出来就是心动的不行 狠狠哭
木三沈,女,不管不顾不问不说也不念.,悲伤的爱情 宿命感 不管看多少遍都好爱，是一部所有cp我都满意的心动韩剧
乌桃拌,保密,缝缝补补又三年,这个排版太好看了
_潇潇暮雨_,保密,For JiEun$努力学习剪辑的佛系小垃圾,真好看
依依依依依V,保密,,我永远爱鬼怪[大哭][大哭]
南漪小隐,女,搬砖半跑路状态，努力甜｜白夙长明家跑腿的后期 ｜微博@Rapunzel-小隐 ,来了来了！
19714993298_bili,保密,,剪的好漂亮啊[爱心][爱心]
_蕉下客,女,热爱是最好的才华,太棒了，最爱的鬼怪夫妇，超好看的排版[爱心]
公子温温温如,女,冬日暖阳$暗夜星光$,鬼怪！！！！每年都要复习！@
skye0_0,女,风正在吹来,微博过来的哈哈，一键三连了！神仙剪辑！！马上去重温剧了[鼓掌]
雙重夢鏡,保密,,2020年了，我还在搞鬼怪夫妇
张艺兴歌里面的baby,保密,云次方铁血嘎龙杂食动物cp脑╮(╯▽╰)╭张艺兴/宋茜/生田斗真/朴秀荣,我看完鬼怪就再也没看过韩剧了 每年冬天必备
喵里酱故事,保密,你看看,绝
JT狮子小,保密,,这两天刚在刷❤
Rusty-8,女,最大的愿望：行走江湖，武功高强。,[热词系列_吹爆]必须三连*！
Rusty-8,女,最大的愿望：行走江湖，武功高强。,啊啊啊啊啊太好看了[喜欢]
横木啊,女,铁马冰河入梦来,微博看到赶来
横木啊,女,铁马冰河入梦来,每年冬天看一遍
冰镇是阔乐的灵魂Cola,保密,Say bye~$,神仙剪辑哇
冰镇是阔乐的灵魂Cola,保密,Say bye~$,喜欢这个色调 这个字幕 滚动
冰镇是阔乐的灵魂Cola,保密,Say bye~$,不就是三连吗？ 都给你就是了！ ！
Karrybb_crab,保密,,看过最多遍的剧，真的超爱！少主剪的也太好了！唯美
爆烤鸭的笑声,保密,,2020年了，我还在磕鬼怪[委屈]
今天蛋黄酱圆梦了吗,保密,一只努力进步的小菜鸡,太太排版太好看了！！！！！！
今天蛋黄酱圆梦了吗,保密,一只努力进步的小菜鸡,鬼怪一部男一女一男二女二可以排列组合嗑的韩剧[妙啊]
_ChoyuET,保密,手可日月摘星辰，世间无我这般人。,来啦！！鬼怪[打call][打call][打call]
忽悠-忽悠,保密,佛系爱豆啊,鬼怪真的是N 刷啊，超好看的
於蓁yx,保密,嗑cp＝快乐,超级赞！
Mancy7208,保密,,up主剪辑的太好了，每年冬天必刷之剧，我的阿加西，我的小新娘，我永远爱鬼怪[喜欢][喜欢]
蓝了我的夏天,女,以我寸点微光，护你万丈荣光。$,这男主角是咖啡店一号的男主吗
猴小圣来也,女,话唠,成功被安利鬼怪，这个mv好好看
笑起来就是好天气,保密,,我好爱鬼怪
Js琋,保密,GOT7 forever,剪的好绝！！好爱鬼怪！
锅不酒,保密,摸摸鱼 追追星 蹦蹦迪,神仙出品
山崎翔样,女,骄傲的黑煤球向前冲，别当我是傻瓜$漂亮脸蛋的雷达$加油脱非入欧,嗷嗷嗷嗷，鬼怪夫妇我太爱了
某某某的桃子,女,护你称王#王俊凯#,我要去重温鬼怪了
目野子,保密,【今夜月色很美】,我看了两遍的剧！！剪的超棒！！
活在过去的疤痕中,保密,,微博来的呀！ 鬼怪真的是第一部看了三遍的剧[大哭]
小喵爱土豆,女,爱热销，爱写故事,是我超喜欢地鬼怪了！
别动我软糖,保密,,从微博过来的！三连投币收藏UP值得
JS双木,女,爱生活爱古装爱美食,支持一发
Tinalistill_,保密,,剪的太好了！！！这对太爱了
skye李,女,哒哒哒~,女主看着这的好舒服啊
云浅月未泯,女,承蒙你出现，够我喜欢好多年。,字幕好美！
东方糯米团,女,这是一个不太会剪视频，不会做封面，不准时发频，拖延症而且脾气还暴躁的人_(눈_눈」∠),想再看一遍了
稀里糊涂的敏妞,保密,抄袭者死一户口本，二剪者全家桶八分熟。$横批：臭不要脸 啥也不是$迷糊工作室/半世晨曦工作室辣鸡后期,哈哈哈哈哈我记得我第一次看的时候觉得女主不漂亮，后来，真香，她就是鬼怪新娘，啊啊啊啊啊啊
fjmtjl,保密,,金高银孔侑我的最爱！！
咩咩要换个高冷的名字,保密,,我从微博来了！！！！
无无姜,保密,为仁由己。,[大哭][大哭][大哭]鬼怪真的是每年必看的，想起来就会觉得很温暖很欢乐的一部
秦渐离,保密,,想重看了
稚夏啊,保密,日常懒癌晚期.,2020年我还在磕鬼怪夫妇[打call][打call]
山有扶苏草,女,你是青砖墙头踩着月光的竹马$你是长廊回栏沉木格窗下的工笔画,我🉑
bili_42449529332,保密,,临风少主剪的我都好爱
我的历史很好,女,,时长好评[鸡腿][鸡腿][鸡腿]
cclia酱,女,墙头超多嚯！,调色排版都极度令人舒适
柠檬茶少甜走冰,保密,,剪的好棒！！调色好好看！
yoyo921k,保密,生活不允许我任性，但是你可以！,来看少主剪的视频了！
dofiy,保密,,每年冬天必刷！太爱了
我要我萌在一起,女,有话好好说,啊哈我赶来三连[热词系列_三连][热词系列_三连][热词系列_三连]
清轻婷,女,千山万重，不离不弃,好爱
